candidate_record_id,display_name,source_label,cat1_classification,reason,source_context,included_in_canonical_selectable_registry
FIRE_TAL_OVERHEAT_FIREBALL_ART,Overheat — Fireball Art,Fire,GENERATED_OR_PROJECTION_ROW,Declared source reference identifies a structural/projection packet whose exact talent authority remained backlog work.,"{""declared_source_refs"":[""fire_section.md Fireball Art Overheat subheading; exact full Overheat risk text retained for C03 cleanup backlog where not fully transcribed.""],""exact_name_heading_hits"":[],""exact_name_nonheading_hits"":[]}",false
TALENT_PACKET_AEGIS_OBJECT_DAMAGE_REDIRECT,Aegis Object Damage Redirect,Protection,GENERATED_OR_PROJECTION_ROW,No exact current-compendium heading or text occurrence establishes this packet row as a selectable Talent.,"{""declared_source_refs"":[""uploaded sphere compendium: Life/Protection section where applicable"",""C04 packetized normalization seed family; exact source-text verification remains backlog for non-sentinel variants""],""exact_name_heading_hits"":[],""exact_name_nonheading_hits"":[]}",false
TALENT_PACKET_AEGIS_WARD_STATE_CREATE_REFRESH,Aegis Ward State Create Refresh,Protection,GENERATED_OR_PROJECTION_ROW,No exact current-compendium heading or text occurrence establishes this packet row as a selectable Talent.,"{""declared_source_refs"":[""uploaded sphere compendium: Life/Protection section where applicable"",""C04 packetized normalization seed family; exact source-text verification remains backlog for non-sentinel variants""],""exact_name_heading_hits"":[],""exact_name_nonheading_hits"":[]}",false
TALENT_PACKET_BORROWED_BREATH_TEMP_HP_STACKING,Borrowed Breath Temporary Vitality,Life,GENERATED_OR_PROJECTION_ROW,No exact current-compendium heading or text occurrence establishes this packet row as a selectable Talent.,"{""declared_source_refs"":[""uploaded sphere compendium: Life/Protection section where applicable"",""C04 packetized normalization seed family; exact source-text verification remains backlog for non-sentinel variants""],""exact_name_heading_hits"":[],""exact_name_nonheading_hits"":[]}",false
TALENT_PACKET_DAMAGE_PREVENTION_ZERO_TRIGGER,Damage Prevention Zero Trigger,Universal,GENERATED_OR_PROJECTION_ROW,No exact current-compendium heading or text occurrence establishes this packet row as a selectable Talent.,"{""declared_source_refs"":[""uploaded sphere compendium: Life/Protection section where applicable"",""C04 packetized normalization seed family; exact source-text verification remains backlog for non-sentinel variants""],""exact_name_heading_hits"":[],""exact_name_nonheading_hits"":[]}",false
TALENT_PACKET_DAMAGE_REDUCTION_FLAT_OR_DICE_INSTANCE,Flat or Dice Damage Reduction Instance,Universal,GENERATED_OR_PROJECTION_ROW,No exact current-compendium heading or text occurrence establishes this packet row as a selectable Talent.,"{""declared_source_refs"":[""uploaded sphere compendium: Life/Protection section where applicable"",""C04 packetized normalization seed family; exact source-text verification remains backlog for non-sentinel variants""],""exact_name_heading_hits"":[],""exact_name_nonheading_hits"":[]}",false
TALENT_PACKET_HEALING_INSTANCE_TARGET_CAP,Healing Instance Target Cap,Universal,GENERATED_OR_PROJECTION_ROW,No exact current-compendium heading or text occurrence establishes this packet row as a selectable Talent.,"{""declared_source_refs"":[""uploaded sphere compendium: Life/Protection section where applicable"",""C04 packetized normalization seed family; exact source-text verification remains backlog for non-sentinel variants""],""exact_name_heading_hits"":[],""exact_name_nonheading_hits"":[]}",false
TALENT_PACKET_HEALING_NO_UNDEAD_CONSTRUCT_UNLESS_PACKET,No Undead Construct Healing Unless Packet,Life,GENERATED_OR_PROJECTION_ROW,No exact current-compendium heading or text occurrence establishes this packet row as a selectable Talent.,"{""declared_source_refs"":[""uploaded sphere compendium: Life/Protection section where applicable"",""C04 packetized normalization seed family; exact source-text verification remains backlog for non-sentinel variants""],""exact_name_heading_hits"":[],""exact_name_nonheading_hits"":[]}",false
TALENT_PACKET_HEALING_OVERFLOW_TEMP_HP_CONVERSION,Healing Overflow Temp HP Conversion,Life,GENERATED_OR_PROJECTION_ROW,No exact current-compendium heading or text occurrence establishes this packet row as a selectable Talent.,"{""declared_source_refs"":[""uploaded sphere compendium: Life/Protection section where applicable"",""C04 packetized normalization seed family; exact source-text verification remains backlog for non-sentinel variants""],""exact_name_heading_hits"":[],""exact_name_nonheading_hits"":[]}",false
TALENT_PACKET_LIFE_CONDITION_REMOVAL_LIMITED,Limited Condition Removal,Life,GENERATED_OR_PROJECTION_ROW,No exact current-compendium heading or text occurrence establishes this packet row as a selectable Talent.,"{""declared_source_refs"":[""uploaded sphere compendium: Life/Protection section where applicable"",""C04 packetized normalization seed family; exact source-text verification remains backlog for non-sentinel variants""],""exact_name_heading_hits"":[],""exact_name_nonheading_hits"":[]}",false
TALENT_PACKET_LIFE_DIAGNOSIS_ADVANTAGE_NEXT_HEAL,Diagnosis Advantage Next Heal,Life,GENERATED_OR_PROJECTION_ROW,No exact current-compendium heading or text occurrence establishes this packet row as a selectable Talent.,"{""declared_source_refs"":[""uploaded sphere compendium: Life/Protection section where applicable"",""C04 packetized normalization seed family; exact source-text verification remains backlog for non-sentinel variants""],""exact_name_heading_hits"":[],""exact_name_nonheading_hits"":[]}",false
TALENT_PACKET_LIFE_ESOTERIC_VITALITY_VALID_TARGET,Esoteric Vitality Target Legality,Life,GENERATED_OR_PROJECTION_ROW,No exact current-compendium heading or text occurrence establishes this packet row as a selectable Talent.,"{""declared_source_refs"":[""uploaded sphere compendium: Life/Protection section where applicable"",""C04 packetized normalization seed family; exact source-text verification remains backlog for non-sentinel variants""],""exact_name_heading_hits"":[],""exact_name_nonheading_hits"":[]}",false
TALENT_PACKET_LIFE_FOUNT_STORED_HEALING_RELEASE,Fount of Life Stored Healing Release,Life,GENERATED_OR_PROJECTION_ROW,No exact current-compendium heading or text occurrence establishes this packet row as a selectable Talent.,"{""declared_source_refs"":[""uploaded sphere compendium: Life/Protection section where applicable"",""C04 packetized normalization seed family; exact source-text verification remains backlog for non-sentinel variants""],""exact_name_heading_hits"":[],""exact_name_nonheading_hits"":[]}",false
TALENT_PACKET_LIFE_HALL_RETURNING_BREATH_FIELD_HEALING,Hall of Returning Breath Field Healing,Life,GENERATED_OR_PROJECTION_ROW,No exact current-compendium heading or text occurrence establishes this packet row as a selectable Talent.,"{""declared_source_refs"":[""uploaded sphere compendium: Life/Protection section where applicable"",""C04 packetized normalization seed family; exact source-text verification remains backlog for non-sentinel variants""],""exact_name_heading_hits"":[],""exact_name_nonheading_hits"":[]}",false
TALENT_PACKET_LIFE_MEND_TOUCH_HEALING_INSTANCE,Mend Touch Healing Instance,Life,GENERATED_OR_PROJECTION_ROW,No exact current-compendium heading or text occurrence establishes this packet row as a selectable Talent.,"{""declared_source_refs"":[""uploaded sphere compendium: Life/Protection section where applicable"",""C04 packetized normalization seed family; exact source-text verification remains backlog for non-sentinel variants""],""exact_name_heading_hits"":[],""exact_name_nonheading_hits"":[]}",false
TALENT_PACKET_LIFE_POISON_DISEASE_TREATMENT_PACKET,Poison Disease Treatment Packet,Life,GENERATED_OR_PROJECTION_ROW,No exact current-compendium heading or text occurrence establishes this packet row as a selectable Talent.,"{""declared_source_refs"":[""uploaded sphere compendium: Life/Protection section where applicable"",""C04 packetized normalization seed family; exact source-text verification remains backlog for non-sentinel variants""],""exact_name_heading_hits"":[],""exact_name_nonheading_hits"":[]}",false
TALENT_PACKET_LIFE_PRESERVING_DIAGNOSIS_CONDITION_GATE,Life-Preserving Diagnosis Condition Gate,Life,GENERATED_OR_PROJECTION_ROW,No exact current-compendium heading or text occurrence establishes this packet row as a selectable Talent.,"{""declared_source_refs"":[""uploaded sphere compendium: Life/Protection section where applicable"",""C04 packetized normalization seed family; exact source-text verification remains backlog for non-sentinel variants""],""exact_name_heading_hits"":[],""exact_name_nonheading_hits"":[]}",false
TALENT_PACKET_LIFE_REGENERATION_OVER_TIME,Regeneration Over Time,Life,GENERATED_OR_PROJECTION_ROW,No exact current-compendium heading or text occurrence establishes this packet row as a selectable Talent.,"{""declared_source_refs"":[""uploaded sphere compendium: Life/Protection section where applicable"",""C04 packetized normalization seed family; exact source-text verification remains backlog for non-sentinel variants""],""exact_name_heading_hits"":[],""exact_name_nonheading_hits"":[]}",false
TALENT_PACKET_LIFE_SEAL_REACH_RANGED_PULSE,Life-Seal Reach Ranged Pulse,Life,GENERATED_OR_PROJECTION_ROW,No exact current-compendium heading or text occurrence establishes this packet row as a selectable Talent.,"{""declared_source_refs"":[""uploaded sphere compendium: Life/Protection section where applicable"",""C04 packetized normalization seed family; exact source-text verification remains backlog for non-sentinel variants""],""exact_name_heading_hits"":[],""exact_name_nonheading_hits"":[]}",false
TALENT_PACKET_LIFE_STABILIZE_DYING_NO_RESURRECTION,Stabilize Dying No Resurrection,Life,GENERATED_OR_PROJECTION_ROW,No exact current-compendium heading or text occurrence establishes this packet row as a selectable Talent.,"{""declared_source_refs"":[""uploaded sphere compendium: Life/Protection section where applicable"",""C04 packetized normalization seed family; exact source-text verification remains backlog for non-sentinel variants""],""exact_name_heading_hits"":[],""exact_name_nonheading_hits"":[]}",false
TALENT_PACKET_LIMITED_PROTECTION_REDUCTION_CAP,Limited Protection Reduction Cap,Protection,GENERATED_OR_PROJECTION_ROW,No exact current-compendium heading or text occurrence establishes this packet row as a selectable Talent.,"{""declared_source_refs"":[""uploaded sphere compendium: Life/Protection section where applicable"",""C04 packetized normalization seed family; exact source-text verification remains backlog for non-sentinel variants""],""exact_name_heading_hits"":[],""exact_name_nonheading_hits"":[]}",false
TALENT_PACKET_MITIGATION_SHARED_DAMAGE_TRANSFER,Shared Damage Transfer,Protection,GENERATED_OR_PROJECTION_ROW,No exact current-compendium heading or text occurrence establishes this packet row as a selectable Talent.,"{""declared_source_refs"":[""uploaded sphere compendium: Life/Protection section where applicable"",""C04 packetized normalization seed family; exact source-text verification remains backlog for non-sentinel variants""],""exact_name_heading_hits"":[],""exact_name_nonheading_hits"":[]}",false
TALENT_PACKET_PREVENT_DEATH_LAST_BREATH_GATE,Prevent Death Last Breath Gate,Life,GENERATED_OR_PROJECTION_ROW,No exact current-compendium heading or text occurrence establishes this packet row as a selectable Talent.,"{""declared_source_refs"":[""uploaded sphere compendium: Life/Protection section where applicable"",""C04 packetized normalization seed family; exact source-text verification remains backlog for non-sentinel variants""],""exact_name_heading_hits"":[],""exact_name_nonheading_hits"":[]}",false
TALENT_PACKET_PROTECTION_AEGIS_REACTION_MITIGATION,Aegis Reaction Mitigation,Protection,GENERATED_OR_PROJECTION_ROW,No exact current-compendium heading or text occurrence establishes this packet row as a selectable Talent.,"{""declared_source_refs"":[""uploaded sphere compendium: Life/Protection section where applicable"",""C04 packetized normalization seed family; exact source-text verification remains backlog for non-sentinel variants""],""exact_name_heading_hits"":[],""exact_name_nonheading_hits"":[]}",false
TALENT_PACKET_PROTECTION_BARRIER_FIELD_DAMAGE_REDUCTION,Barrier Field Damage Reduction,Protection,GENERATED_OR_PROJECTION_ROW,No exact current-compendium heading or text occurrence establishes this packet row as a selectable Talent.,"{""declared_source_refs"":[""uploaded sphere compendium: Life/Protection section where applicable"",""C04 packetized normalization seed family; exact source-text verification remains backlog for non-sentinel variants""],""exact_name_heading_hits"":[],""exact_name_nonheading_hits"":[]}",false
TALENT_PACKET_PROTECTION_COUNTERSEAL_REACTION_BLOCK,Counterseal Reaction Block,Protection,GENERATED_OR_PROJECTION_ROW,No exact current-compendium heading or text occurrence establishes this packet row as a selectable Talent.,"{""declared_source_refs"":[""uploaded sphere compendium: Life/Protection section where applicable"",""C04 packetized normalization seed family; exact source-text verification remains backlog for non-sentinel variants""],""exact_name_heading_hits"":[],""exact_name_nonheading_hits"":[]}",false
TALENT_PACKET_PROTECTION_FIELD_ALLY_COVER,Protection Field Ally Cover,Protection,GENERATED_OR_PROJECTION_ROW,No exact current-compendium heading or text occurrence establishes this packet row as a selectable Talent.,"{""declared_source_refs"":[""uploaded sphere compendium: Life/Protection section where applicable"",""C04 packetized normalization seed family; exact source-text verification remains backlog for non-sentinel variants""],""exact_name_heading_hits"":[],""exact_name_nonheading_hits"":[]}",false
TALENT_PACKET_PROTECTION_INTERPOSING_WARD_DAMAGE_PREVENTION,Interposing Ward Damage Prevention,Protection,GENERATED_OR_PROJECTION_ROW,No exact current-compendium heading or text occurrence establishes this packet row as a selectable Talent.,"{""declared_source_refs"":[""uploaded sphere compendium: Life/Protection section where applicable"",""C04 packetized normalization seed family; exact source-text verification remains backlog for non-sentinel variants""],""exact_name_heading_hits"":[],""exact_name_nonheading_hits"":[]}",false
TALENT_PACKET_PROTECTION_RETALIATORY_AEGIS_MARK,Retaliatory Aegis Mark,Protection,GENERATED_OR_PROJECTION_ROW,No exact current-compendium heading or text occurrence establishes this packet row as a selectable Talent.,"{""declared_source_refs"":[""uploaded sphere compendium: Life/Protection section where applicable"",""C04 packetized normalization seed family; exact source-text verification remains backlog for non-sentinel variants""],""exact_name_heading_hits"":[],""exact_name_nonheading_hits"":[]}",false
TALENT_PACKET_PROTECTION_SANCTUARY_ATTACK_DISADVANTAGE,Sanctuary Attack Disadvantage Ward,Protection,GENERATED_OR_PROJECTION_ROW,No exact current-compendium heading or text occurrence establishes this packet row as a selectable Talent.,"{""declared_source_refs"":[""uploaded sphere compendium: Life/Protection section where applicable"",""C04 packetized normalization seed family; exact source-text verification remains backlog for non-sentinel variants""],""exact_name_heading_hits"":[],""exact_name_nonheading_hits"":[]}",false
TALENT_PACKET_PROTECTION_WARD_RENEWAL_END_ROUND,Ward Renewal End Round,Protection,GENERATED_OR_PROJECTION_ROW,No exact current-compendium heading or text occurrence establishes this packet row as a selectable Talent.,"{""declared_source_refs"":[""uploaded sphere compendium: Life/Protection section where applicable"",""C04 packetized normalization seed family; exact source-text verification remains backlog for non-sentinel variants""],""exact_name_heading_hits"":[],""exact_name_nonheading_hits"":[]}",false
TALENT_PACKET_REACTION_MITIGATION_WINDOW_LOCK,Reaction Mitigation Window Lock,Universal,GENERATED_OR_PROJECTION_ROW,No exact current-compendium heading or text occurrence establishes this packet row as a selectable Talent.,"{""declared_source_refs"":[""uploaded sphere compendium: Life/Protection section where applicable"",""C04 packetized normalization seed family; exact source-text verification remains backlog for non-sentinel variants""],""exact_name_heading_hits"":[],""exact_name_nonheading_hits"":[]}",false
TALENT_PACKET_TEMP_HP_REPLACEMENT_AND_STACKING_RULE,Temp HP Replacement and Stacking Rule,Universal,GENERATED_OR_PROJECTION_ROW,No exact current-compendium heading or text occurrence establishes this packet row as a selectable Talent.,"{""declared_source_refs"":[""uploaded sphere compendium: Life/Protection section where applicable"",""C04 packetized normalization seed family; exact source-text verification remains backlog for non-sentinel variants""],""exact_name_heading_hits"":[],""exact_name_nonheading_hits"":[]}",false
TALENT_PACKET_VITALITY_BLOCKED_WHEEL_TEMP_HP_LOCKOUT,Blocked Wheel Temp HP Lockout,Vitality,GENERATED_OR_PROJECTION_ROW,No exact current-compendium heading or text occurrence establishes this packet row as a selectable Talent.,"{""declared_source_refs"":[""uploaded sphere compendium: Life/Protection section where applicable"",""C04 packetized normalization seed family; exact source-text verification remains backlog for non-sentinel variants""],""exact_name_heading_hits"":[],""exact_name_nonheading_hits"":[]}",false
TALENT_PACKET_VITALITY_BURST_RISK_OVERCHANNEL,Vitality Burst Risk Overchannel,Vitality,GENERATED_OR_PROJECTION_ROW,No exact current-compendium heading or text occurrence establishes this packet row as a selectable Talent.,"{""declared_source_refs"":[""uploaded sphere compendium: Life/Protection section where applicable"",""C04 packetized normalization seed family; exact source-text verification remains backlog for non-sentinel variants""],""exact_name_heading_hits"":[],""exact_name_nonheading_hits"":[]}",false
TALENT_PACKET_VITALITY_DIFFERENT_TALENT_STACKING_CONTRACT,Different Talent Stacking Contract,Vitality,GENERATED_OR_PROJECTION_ROW,No exact current-compendium heading or text occurrence establishes this packet row as a selectable Talent.,"{""declared_source_refs"":[""uploaded sphere compendium: Life/Protection section where applicable"",""C04 packetized normalization seed family; exact source-text verification remains backlog for non-sentinel variants""],""exact_name_heading_hits"":[],""exact_name_nonheading_hits"":[]}",false
TALENT_PACKET_VITALITY_GUARD_REACTION_TEMP_HP_CONVERT,Vitality Guard Reaction Temp HP Convert,Vitality,GENERATED_OR_PROJECTION_ROW,No exact current-compendium heading or text occurrence establishes this packet row as a selectable Talent.,"{""declared_source_refs"":[""uploaded sphere compendium: Life/Protection section where applicable"",""C04 packetized normalization seed family; exact source-text verification remains backlog for non-sentinel variants""],""exact_name_heading_hits"":[],""exact_name_nonheading_hits"":[]}",false
TALENT_PACKET_VITALITY_OPEN_WHEEL_TEMP_HP_AMPLIFIER,Open Wheel Temp HP Amplifier,Vitality,GENERATED_OR_PROJECTION_ROW,No exact current-compendium heading or text occurrence establishes this packet row as a selectable Talent.,"{""declared_source_refs"":[""uploaded sphere compendium: Life/Protection section where applicable"",""C04 packetized normalization seed family; exact source-text verification remains backlog for non-sentinel variants""],""exact_name_heading_hits"":[],""exact_name_nonheading_hits"":[]}",false
TALENT_PACKET_VITALITY_OVERFLOW_BUFFER_DAMAGE_ABLATION,Overflow Buffer Damage Ablation,Vitality,GENERATED_OR_PROJECTION_ROW,No exact current-compendium heading or text occurrence establishes this packet row as a selectable Talent.,"{""declared_source_refs"":[""uploaded sphere compendium: Life/Protection section where applicable"",""C04 packetized normalization seed family; exact source-text verification remains backlog for non-sentinel variants""],""exact_name_heading_hits"":[],""exact_name_nonheading_hits"":[]}",false
TALENT_PACKET_VITALITY_SELF_TEMP_HP_STACKING_RULE,Self Temp HP Stacking Rule,Vitality,GENERATED_OR_PROJECTION_ROW,No exact current-compendium heading or text occurrence establishes this packet row as a selectable Talent.,"{""declared_source_refs"":[""uploaded sphere compendium: Life/Protection section where applicable"",""C04 packetized normalization seed family; exact source-text verification remains backlog for non-sentinel variants""],""exact_name_heading_hits"":[],""exact_name_nonheading_hits"":[]}",false
TALENT_PACKET_VITALITY_SHARED_TEMP_HP_NON_STACK_SAME_SOURCE,Shared Temp HP Same-Source Nonstack,Vitality,GENERATED_OR_PROJECTION_ROW,No exact current-compendium heading or text occurrence establishes this packet row as a selectable Talent.,"{""declared_source_refs"":[""uploaded sphere compendium: Life/Protection section where applicable"",""C04 packetized normalization seed family; exact source-text verification remains backlog for non-sentinel variants""],""exact_name_heading_hits"":[],""exact_name_nonheading_hits"":[]}",false
TALENT_PACKET_VITALITY_TEMP_HP_DECAY_END_SCENE,Temp HP Decay End Scene,Vitality,GENERATED_OR_PROJECTION_ROW,No exact current-compendium heading or text occurrence establishes this packet row as a selectable Talent.,"{""declared_source_refs"":[""uploaded sphere compendium: Life/Protection section where applicable"",""C04 packetized normalization seed family; exact source-text verification remains backlog for non-sentinel variants""],""exact_name_heading_hits"":[],""exact_name_nonheading_hits"":[]}",false
TALENT_PACKET_WARD_BREAK_AND_RENEWAL_STATE,Ward Break and Renewal State,Protection,GENERATED_OR_PROJECTION_ROW,No exact current-compendium heading or text occurrence establishes this packet row as a selectable Talent.,"{""declared_source_refs"":[""uploaded sphere compendium: Life/Protection section where applicable"",""C04 packetized normalization seed family; exact source-text verification remains backlog for non-sentinel variants""],""exact_name_heading_hits"":[],""exact_name_nonheading_hits"":[]}",false
TAL_AIR_DISPERSE_FIELD_COUNTERPLAY,Disperse Field Counterplay,Air,GENERATED_OR_PROJECTION_ROW,No exact current-compendium heading or text occurrence establishes this packet row as a selectable Talent.,"{""declared_source_refs"":[],""exact_name_heading_hits"":[],""exact_name_nonheading_hits"":[]}",false
TAL_AIR_GUST_FORCED_MOVEMENT,Gust Forced Movement,Air,GENERATED_OR_PROJECTION_ROW,No exact current-compendium heading or text occurrence establishes this packet row as a selectable Talent.,"{""declared_source_refs"":[],""exact_name_heading_hits"":[],""exact_name_nonheading_hits"":[]}",false
TAL_AIR_UPDRAFT_VERTICALITY_FALL_SURFACE,Updraft Verticality and Fall Surface,Air,GENERATED_OR_PROJECTION_ROW,No exact current-compendium heading or text occurrence establishes this packet row as a selectable Talent.,"{""declared_source_refs"":[],""exact_name_heading_hits"":[],""exact_name_nonheading_hits"":[]}",false
TAL_AIR_WIND_WALL_PROJECTILE_COVER,Wind Wall Projectile Cover,Air,GENERATED_OR_PROJECTION_ROW,No exact current-compendium heading or text occurrence establishes this packet row as a selectable Talent.,"{""declared_source_refs"":[],""exact_name_heading_hits"":[],""exact_name_nonheading_hits"":[]}",false
TAL_ATHLETICS_CHARGE_MOMENTUM,Charge Momentum,Athletics,GENERATED_OR_PROJECTION_ROW,No exact current-compendium heading or text occurrence establishes this packet row as a selectable Talent.,"{""declared_source_refs"":[],""exact_name_heading_hits"":[],""exact_name_nonheading_hits"":[]}",false
TAL_ATHLETICS_GRAPPLE_ENTRY,Grapple Entry,Athletics,GENERATED_OR_PROJECTION_ROW,No exact current-compendium heading or text occurrence establishes this packet row as a selectable Talent.,"{""declared_source_refs"":[],""exact_name_heading_hits"":[],""exact_name_nonheading_hits"":[]}",false
TAL_ATHLETICS_SHOVE_DRIVE,Shove / Drive,Athletics,GENERATED_OR_PROJECTION_ROW,No exact current-compendium heading or text occurrence establishes this packet row as a selectable Talent.,"{""declared_source_refs"":[],""exact_name_heading_hits"":[],""exact_name_nonheading_hits"":[]}",false
TAL_BEAUTY_BEAUTY_SAVE_DC,Beauty Save DC,Beauty,GENERATED_OR_PROJECTION_ROW,"Catalog role explicitly identifies a packet/action projection row, not a separately acquirable Talent.","{""declared_source_refs"":[""Tianxia_Sphere_Compendium_Player_Facing_Compilation_HF05L_HF05G_EDITORIAL_CLEANUP_2026_06_26(1).md :: Sphere of Beauty :: Key Terms > Beauty Save DC""],""exact_name_heading_hits"":[],""exact_name_nonheading_hits"":[]}",false
TAL_BERSERKER_ADRENALINE,Adrenaline,Berserker,GENERATED_OR_PROJECTION_ROW,"Catalog role explicitly identifies a packet/action projection row, not a separately acquirable Talent.","{""declared_source_refs"":[""Tianxia_Sphere_Compendium_Player_Facing_Compilation_HF05L_HF05G_EDITORIAL_CLEANUP_2026_06_26(1).md :: Sphere of Berserker :: Core Berserker Rules > Adrenaline""],""exact_name_heading_hits"":[{""heading"":""#### Adrenaline"",""line"":9427},{""heading"":""#### Adrenaline"",""line"":9477},{""heading"":""#### Adrenaline Talents"",""line"":9487},{""heading"":""#### Berserk - Adrenaline"",""line"":9513},{""heading"":""#### Dreadnought - Adrenaline"",""line"":9521},{""heading"":""#### Juggernaut - Adrenaline"",""line"":9537},{""heading"":""#### Marauder - Adrenaline"",""line"":9547},{""heading"":""#### Executioner - Adrenaline, Focus"",""line"":9656},{""heading"":""#### Atavism - Adrenaline, Realm Evolution"",""line"":9816},{""heading"":""#### Unyielding Advance - Adrenaline"",""line"":9953},{""heading"":""#### Adrenaline Surge - Breath, Response"",""line"":51078}],""exact_name_nonheading_hits"":[{""line"":5162,""text"":""Berserker remains the specialist sphere for committed fury, Adrenaline, Batter, and exertion risk. Axes can be fierce but is not rage by default.""},{""line"":9377,""text"":""Core Chassis: Adrenaline, Batter, Battered state, Exertion talents""},{""line"":9379,""text"":""Berserker cultivates committed force. Its basic loop is to accept risk through Adrenaline, land a Batter attack, and exploit the target’s physically disrupted Battered state with one Exertion talent.""},{""line"":9429,""text"":""At the start of your turn, choose whether to enter Adrenaline until the start of your next turn.""},{""line"":9431,""text"":""While Adrenaline is active:""},{""line"":9435,""text"":""gain the benefit of one Adrenaline talent you know.""},{""line"":9437,""text"":""You may choose a different Adrenaline talent each time you activate Adrenaline.""},{""line"":9439,""text"":""Unless a talent says otherwise, activate only one Adrenaline talent at a time.""},{""line"":9479,""text"":""When you learn Berserker, gain Adrenaline and choose one Mortal Realm Adrenaline talent for which you meet the prerequisites.""},{""line"":9489,""text"":""An Adrenaline talent modifies the benefit gained while accepting the Adrenaline AC penalty.""}]}",false
TAL_BLACKSMITH_CRAFTED_OBJECT_DURABILITY_LEDGER,Crafted Object Durability Ledger,Blacksmith,GENERATED_OR_PROJECTION_ROW,Declared source reference identifies a structural/projection packet whose exact talent authority remained backlog work.,"{""declared_source_refs"":[""R13A8-C07 user-approved scope; exact source-text/dice verification remains cleanup backlog.""],""exact_name_heading_hits"":[],""exact_name_nonheading_hits"":[]}",false
TAL_BLACKSMITH_INFUSION_SOURCE_ID,Infused Object Source ID,Blacksmith,GENERATED_OR_PROJECTION_ROW,Declared source reference identifies a structural/projection packet whose exact talent authority remained backlog work.,"{""declared_source_refs"":[""R13A8-C07 user-approved scope; exact source-text/dice verification remains cleanup backlog.""],""exact_name_heading_hits"":[],""exact_name_nonheading_hits"":[]}",false
TAL_BLACKSMITH_OBJECT_BREAK_COUNTERPLAY,Object Break Counterplay,Blacksmith,GENERATED_OR_PROJECTION_ROW,Declared source reference identifies a structural/projection packet whose exact talent authority remained backlog work.,"{""declared_source_refs"":[""R13A8-C07 user-approved scope; exact source-text/dice verification remains cleanup backlog.""],""exact_name_heading_hits"":[],""exact_name_nonheading_hits"":[]}",false
TAL_BLACKSMITH_REINFORCE_OBJECT_DR,Reinforce Object Damage Reduction,Blacksmith,GENERATED_OR_PROJECTION_ROW,Declared source reference identifies a structural/projection packet whose exact talent authority remained backlog work.,"{""declared_source_refs"":[""R13A8-C07 user-approved scope; exact source-text/dice verification remains cleanup backlog.""],""exact_name_heading_hits"":[],""exact_name_nonheading_hits"":[]}",false
TAL_BLACKSMITH_REPAIR_WINDOW_RESOURCE_LEDGER,Repair Window Resource Ledger,Blacksmith,GENERATED_OR_PROJECTION_ROW,Declared source reference identifies a structural/projection packet whose exact talent authority remained backlog work.,"{""declared_source_refs"":[""R13A8-C07 user-approved scope; exact source-text/dice verification remains cleanup backlog.""],""exact_name_heading_hits"":[],""exact_name_nonheading_hits"":[]}",false
TAL_BLOOD_BINDING,Blood Binding,Blood,GENERATED_OR_PROJECTION_ROW,Declared source reference identifies a structural/projection packet whose exact talent authority remained backlog work.,"{""declared_source_refs"":[""C09 structural seed packet. Exact dice/source-text verification remains in C09 cleanup backlog unless explicitly certified in a later source-text pass.""],""exact_name_heading_hits"":[],""exact_name_nonheading_hits"":[]}",false
TAL_BLOOD_BLOODLETTING,Bloodletting,Blood,GENERATED_OR_PROJECTION_ROW,Declared source reference identifies a structural/projection packet whose exact talent authority remained backlog work.,"{""declared_source_refs"":[""C09 structural seed packet. Exact dice/source-text verification remains in C09 cleanup backlog unless explicitly certified in a later source-text pass.""],""exact_name_heading_hits"":[{""heading"":""#### Bloodletting Strike - Thread Augment"",""line"":12252}],""exact_name_nonheading_hits"":[{""line"":12266,""text"":""A creature can suffer only one Bloodletting Strike from you at a time.""}]}",false
TAL_BLOOD_FORBIDDEN_BOUNDARY,Forbidden Blood Price Boundary,Blood,GENERATED_OR_PROJECTION_ROW,Declared source reference identifies a structural/projection packet whose exact talent authority remained backlog work.,"{""declared_source_refs"":[""C09 structural seed packet. Exact dice/source-text verification remains in C09 cleanup backlog unless explicitly certified in a later source-text pass.""],""exact_name_heading_hits"":[],""exact_name_nonheading_hits"":[]}",false
TAL_BLOOD_HEAL_THROTTLE,Blood Seals the Wound,Blood,GENERATED_OR_PROJECTION_ROW,Declared source reference identifies a structural/projection packet whose exact talent authority remained backlog work.,"{""declared_source_refs"":[""C09 structural seed packet. Exact dice/source-text verification remains in C09 cleanup backlog unless explicitly certified in a later source-text pass.""],""exact_name_heading_hits"":[],""exact_name_nonheading_hits"":[]}",false
TAL_BLOOD_SELF_COST,Blood Price,Blood,GENERATED_OR_PROJECTION_ROW,Declared source reference identifies a structural/projection packet whose exact talent authority remained backlog work.,"{""declared_source_refs"":[""C09 structural seed packet. Exact dice/source-text verification remains in C09 cleanup backlog unless explicitly certified in a later source-text pass.""],""exact_name_heading_hits"":[],""exact_name_nonheading_hits"":[]}",false
TAL_BRUTE_BODY_CHECK,Body Check,Brute,GENERATED_OR_PROJECTION_ROW,The phrase appears only in prose; no exact selectable heading establishes a Talent identity.,"{""declared_source_refs"":[],""exact_name_heading_hits"":[],""exact_name_nonheading_hits"":[{""line"":24192,""text"":""body checks, trips, shoulder bumps, stumbling kicks, elbows, palms, knees, and similar bodily strikes.""}]}",false
TAL_BRUTE_KNOCKBACK,Knockback Strike,Brute,GENERATED_OR_PROJECTION_ROW,No exact current-compendium heading or text occurrence establishes this packet row as a selectable Talent.,"{""declared_source_refs"":[],""exact_name_heading_hits"":[],""exact_name_nonheading_hits"":[]}",false
TAL_BRUTE_SMASH_DISARM,Smash Disarm,Brute,GENERATED_OR_PROJECTION_ROW,No exact current-compendium heading or text occurrence establishes this packet row as a selectable Talent.,"{""declared_source_refs"":[],""exact_name_heading_hits"":[],""exact_name_nonheading_hits"":[]}",false
TAL_C09_GM_LEDGER,GM Corruption/Forbidden Ledger Row,Universal C09,GENERATED_OR_PROJECTION_ROW,Declared source reference identifies a structural/projection packet whose exact talent authority remained backlog work.,"{""declared_source_refs"":[""C09 structural seed packet. Exact dice/source-text verification remains in C09 cleanup backlog unless explicitly certified in a later source-text pass.""],""exact_name_heading_hits"":[],""exact_name_nonheading_hits"":[]}",false
TAL_CHAINS_ANCHOR_LINK_BASE,Anchor the Link,Chains,BASE_SPHERE_ABILITY,Exact source heading identifies a base Sphere ability/technique rather than a trained Talent.,"{""declared_source_refs"":[""Sphere compendium Chains global lines 13894-14052; core rules and base abilities at local C02 chains excerpt lines 245-336.""],""exact_name_heading_hits"":[{""heading"":""### Base Ability: Anchor the Link"",""line"":14686}],""exact_name_nonheading_hits"":[{""line"":14385,""text"":""Resource: Stamina for embodied martial chains; normal Path CP for power-chain expressionsCore Chassis: Links, Tethers, Bound, Anchored, Chain Objects, and Chain DomainsCore Abilities: Chain Lash, Set the Tether, Anchor the Link""},{""line"":14714,""text"":""Anchor the Link is the defensive and containment ability of Chains. Most rescue, anti-teleport, battlefield-control, and prison talents modify this ability.""},{""line"":14728,""text"":""Lash. Modifies Chain Lash.Tether. Modifies Set the Tether or creates a Tether.Anchor. Modifies Anchor the Link or Anchored.Prison. Creates containment, wards, or imprisonment.Rescue. Protects allies through chain movement or anchoring.Spirit. Affects spirits, possession, Incorporeal creatures, or soul movement.Domain. Creates a field of chain authority.Project. Creates a downtime, sect, or site-scale chain structure.Restricted. Requires specialized training, sect permission, or GM approval.Forbidden. Socially condemned or dangerous in most orthodox contexts.""},{""line"":15294,""text"":""While sealed, the target counts as linked for your Link-Sense and Anchor the Link. In addition, the first time each round the target attempts to teleport, become Incorporeal, possess another creature, or leave its body, it must succeed on a Charisma saving throw against your Cultivation Save DC or the attempt fails.""},{""line"":16026,""text"":""You gain Anchor the Link improvements: once per short rest, you may use Anchor the Link without spending CP.""},{""line"":16228,""text"":""When Anchor the Link protects an ally:""}]}",false
TAL_CHAINS_CHAIN_LASH_BASE,Chain Lash,Chains,BASE_SPHERE_ABILITY,Exact source heading identifies a base Sphere ability/technique rather than a trained Talent.,"{""declared_source_refs"":[""Sphere compendium Chains global lines 13894-14052; core rules and base abilities at local C02 chains excerpt lines 245-336.""],""exact_name_heading_hits"":[{""heading"":""### Base Ability: Chain Lash"",""line"":14618}],""exact_name_nonheading_hits"":[{""line"":14385,""text"":""Resource: Stamina for embodied martial chains; normal Path CP for power-chain expressionsCore Chassis: Links, Tethers, Bound, Anchored, Chain Objects, and Chain DomainsCore Abilities: Chain Lash, Set the Tether, Anchor the Link""},{""line"":14644,""text"":""Once per turn when Chain Lash hits, choose one minor link effect:""},{""line"":14656,""text"":""Chain Lash is the default attack expression of the sphere. Most offensive Chains talents modify Chain Lash, trigger after Chain Lash hits, or replace the minor link effect.""},{""line"":14728,""text"":""Lash. Modifies Chain Lash.Tether. Modifies Set the Tether or creates a Tether.Anchor. Modifies Anchor the Link or Anchored.Prison. Creates containment, wards, or imprisonment.Rescue. Protects allies through chain movement or anchoring.Spirit. Affects spirits, possession, Incorporeal creatures, or soul movement.Domain. Creates a field of chain authority.Project. Creates a downtime, sect, or site-scale chain structure.Restricted. Requires specialized training, sect permission, or GM approval.Forbidden. Socially condemned or dangerous in most orthodox contexts.""},{""line"":14882,""text"":""Trigger: A creature you can see is hit by a melee attack, ranged attack, or Chain Lash-like attack""},{""line"":14958,""text"":""Your Chain Lash hits with heavier momentum.""},{""line"":14960,""text"":""Once per turn when Chain Lash hits, you may add your key ability modifier to the damage if it is not already included.""},{""line"":14962,""text"":""In addition, when Chain Lash pulls or pushes a target, increase the movement by 5 feet if the target is no more than one size larger than you.""},{""line"":15114,""text"":""Trigger: You hit a creature with Chain Lash or a melee attack""},{""line"":15228,""text"":""Trigger: Chain Lash hits a creature holding a weapon, focus, shield, tool, talisman, or similar object""}]}",false
TAL_CHAINS_MERIDIAN_CHAIN_LOCK,Meridian Chain Lock,Chains / Meridian,AMBIGUOUS_REQUIRES_AUTHORITY_DECISION,"Exact source heading exists, but candidate-to-source identity and the accepted 1,748-talent count cannot be changed without a bounded authority ruling.","{""declared_source_refs"":[""Sphere compendium Chains Core/Nascent talents global lines 14784-15390; local C02 chains excerpt lines 891-1510.""],""exact_name_heading_hits"":[{""heading"":""### Meridian Chain Lock"",""line"":15490}],""exact_name_nonheading_hits"":[]}",false
TAL_CHAINS_SET_TETHER_BASE,Set the Tether,Chains,BASE_SPHERE_ABILITY,Exact source heading identifies a base Sphere ability/technique rather than a trained Talent.,"{""declared_source_refs"":[""Sphere compendium Chains global lines 13894-14052; core rules and base abilities at local C02 chains excerpt lines 245-336.""],""exact_name_heading_hits"":[{""heading"":""### Base Ability: Set the Tether"",""line"":14658}],""exact_name_nonheading_hits"":[{""line"":14385,""text"":""Resource: Stamina for embodied martial chains; normal Path CP for power-chain expressionsCore Chassis: Links, Tethers, Bound, Anchored, Chain Objects, and Chain DomainsCore Abilities: Chain Lash, Set the Tether, Anchor the Link""},{""line"":14682,""text"":""You may use Set the Tether to pull an unattended object weighing no more than 25 pounds x your CL up to 20 feet toward you.""},{""line"":14684,""text"":""Set the Tether is the main binding and positioning ability. Most restraint, pulling, prison, and link talents modify this ability.""},{""line"":14728,""text"":""Lash. Modifies Chain Lash.Tether. Modifies Set the Tether or creates a Tether.Anchor. Modifies Anchor the Link or Anchored.Prison. Creates containment, wards, or imprisonment.Rescue. Protects allies through chain movement or anchoring.Spirit. Affects spirits, possession, Incorporeal creatures, or soul movement.Domain. Creates a field of chain authority.Project. Creates a downtime, sect, or site-scale chain structure.Restricted. Requires specialized training, sect permission, or GM approval.Forbidden. Socially condemned or dangerous in most orthodox contexts.""},{""line"":14748,""text"":""You use Set the Tether as a tighter binding.""},{""line"":14770,""text"":""You use Set the Tether to drag a target or object.""},{""line"":14992,""text"":""You upgrade Set the Tether into a sustained shackle.""},{""line"":15214,""text"":""You target one flying creature with Set the Tether.""},{""line"":15448,""text"":""As a Bonus Action, you command it to Attack, Dash, Dodge, Grapple, Help, Shove, or use Set the Tether with your Cultivation Save DC. Without a command, it Dodges.""},{""line"":16006,""text"":""Whenever you use Set the Tether, Chain Lash at range, or a talent that creates a Tether, you must attach the chain to one of the following:""}]}",false
TAL_CHAKRA_UNIVERSAL_BLOCKED_WHEEL,Blocked Wheel Strain Contract,Chakra Universal,GENERATED_OR_PROJECTION_ROW,Declared source reference identifies a structural/projection packet whose exact talent authority remained backlog work.,"{""declared_source_refs"":[""R13A8-C06 user-approved scope and active Chakra doctrine; exact source-text/dice verification remains cleanup backlog.""],""exact_name_heading_hits"":[],""exact_name_nonheading_hits"":[]}",false
TAL_CHAKRA_UNIVERSAL_BURST_RISK,Burst-Risk Overdraw Contract,Chakra Universal,GENERATED_OR_PROJECTION_ROW,Declared source reference identifies a structural/projection packet whose exact talent authority remained backlog work.,"{""declared_source_refs"":[""R13A8-C06 user-approved scope and active Chakra doctrine; exact source-text/dice verification remains cleanup backlog.""],""exact_name_heading_hits"":[],""exact_name_nonheading_hits"":[]}",false
TAL_CHAKRA_UNIVERSAL_OPEN_WHEEL,Open Wheel State Contract,Chakra Universal,GENERATED_OR_PROJECTION_ROW,Declared source reference identifies a structural/projection packet whose exact talent authority remained backlog work.,"{""declared_source_refs"":[""R13A8-C06 user-approved scope and active Chakra doctrine; exact source-text/dice verification remains cleanup backlog.""],""exact_name_heading_hits"":[],""exact_name_nonheading_hits"":[]}",false
TAL_CHI_IMBUEMENT_TOOL_STRIKE,Chakra-Touched Arsenal,Chakra Imbuement,GENERATED_OR_PROJECTION_ROW,Declared source reference identifies a structural/projection packet whose exact talent authority remained backlog work.,"{""declared_source_refs"":[""R13A8-C06 user-approved scope and active Chakra doctrine; exact source-text/dice verification remains cleanup backlog.""],""exact_name_heading_hits"":[],""exact_name_nonheading_hits"":[]}",false
TAL_CHI_IMBUEMENT_WEAPON_CHANNEL,Weapon Channel,Chakra Imbuement,GENERATED_OR_PROJECTION_ROW,Declared source reference identifies a structural/projection packet whose exact talent authority remained backlog work.,"{""declared_source_refs"":[""R13A8-C06 user-approved scope and active Chakra doctrine; exact source-text/dice verification remains cleanup backlog.""],""exact_name_heading_hits"":[],""exact_name_nonheading_hits"":[]}",false
TAL_CHI_REACTION_SNAP,Reaction Chakra Snap,Chakra Imbuement,GENERATED_OR_PROJECTION_ROW,Declared source reference identifies a structural/projection packet whose exact talent authority remained backlog work.,"{""declared_source_refs"":[""R13A8-C06 user-approved scope and active Chakra doctrine; exact source-text/dice verification remains cleanup backlog.""],""exact_name_heading_hits"":[],""exact_name_nonheading_hits"":[]}",false
TAL_DARK_DARK_SLAUGHTER_ALIAS,Dark Slaughter Alias Guard,Dark,GENERATED_OR_PROJECTION_ROW,No exact current-compendium heading or text occurrence establishes this packet row as a selectable Talent.,"{""declared_source_refs"":[],""exact_name_heading_hits"":[],""exact_name_nonheading_hits"":[]}",false
TAL_DEATH_BONE_GENERAL,Bone General,Death,GENERATED_OR_PROJECTION_ROW,"Catalog role explicitly identifies a packet/action projection row, not a separately acquirable Talent.","{""declared_source_refs"":[""Tianxia_Sphere_Compendium_Player_Facing_Compilation_HF05L_HF05G_EDITORIAL_CLEANUP_2026_06_26(1).md :: Sphere of Death :: Core Formation Realm Talents > Bone General - Command""],""exact_name_heading_hits"":[{""heading"":""#### Bone General - Command"",""line"":19529},{""heading"":""#### Bone General"",""line"":20158}],""exact_name_nonheading_hits"":[{""line"":19944,""text"":""Prerequisite: Bone General, CL 15+""}]}",false
TAL_DISEASE_FEVER,Fever Tax,Disease,GENERATED_OR_PROJECTION_ROW,Declared source reference identifies a structural/projection packet whose exact talent authority remained backlog work.,"{""declared_source_refs"":[""C09 structural seed packet. Exact dice/source-text verification remains in C09 cleanup backlog unless explicitly certified in a later source-text pass.""],""exact_name_heading_hits"":[],""exact_name_nonheading_hits"":[]}",false
TAL_DISEASE_HEAL_THROTTLE,Contagious Suppression,Disease,GENERATED_OR_PROJECTION_ROW,Declared source reference identifies a structural/projection packet whose exact talent authority remained backlog work.,"{""declared_source_refs"":[""C09 structural seed packet. Exact dice/source-text verification remains in C09 cleanup backlog unless explicitly certified in a later source-text pass.""],""exact_name_heading_hits"":[],""exact_name_nonheading_hits"":[]}",false
TAL_DISEASE_INCUBATION,Incubation,Disease,GENERATED_OR_PROJECTION_ROW,Declared source reference identifies a structural/projection packet whose exact talent authority remained backlog work.,"{""declared_source_refs"":[""C09 structural seed packet. Exact dice/source-text verification remains in C09 cleanup backlog unless explicitly certified in a later source-text pass.""],""exact_name_heading_hits"":[],""exact_name_nonheading_hits"":[{""line"":21536,""text"":""Alchemy. Alchemy prepares durable medicines, pills, toxins, antidotes, reagents, incubation chambers, and treatment protocols. Disease is active cultivation of infection and quarantine. Alchemy can support Disease, but Disease does not automatically create pills or laboratory materials.""}]}",false
TAL_DISEASE_PLAGUE,Plague Spread,Disease,GENERATED_OR_PROJECTION_ROW,Declared source reference identifies a structural/projection packet whose exact talent authority remained backlog work.,"{""declared_source_refs"":[""C09 structural seed packet. Exact dice/source-text verification remains in C09 cleanup backlog unless explicitly certified in a later source-text pass.""],""exact_name_heading_hits"":[],""exact_name_nonheading_hits"":[{""line"":52018,""text"":""A Life cultivator can maintain a ledger of Pulse Seal treatments in a sect infirmary. Over downtime, this may justify improved recovery for disciples, reduced plague spread, safer breakthrough care, and better diagnosis of unusual poisons.""}]}",false
TAL_DISEASE_PURGE,Purge Window,Disease,GENERATED_OR_PROJECTION_ROW,Declared source reference identifies a structural/projection packet whose exact talent authority remained backlog work.,"{""declared_source_refs"":[""C09 structural seed packet. Exact dice/source-text verification remains in C09 cleanup backlog unless explicitly certified in a later source-text pass.""],""exact_name_heading_hits"":[],""exact_name_nonheading_hits"":[]}",false
TAL_DRAIN_HOLLOW_STAIN,Hollow Stain,Drain,GENERATED_OR_PROJECTION_ROW,Declared source reference identifies a structural/projection packet whose exact talent authority remained backlog work.,"{""declared_source_refs"":[""R13A8-C06 user-approved scope and active Chakra doctrine; exact source-text/dice verification remains cleanup backlog.""],""exact_name_heading_hits"":[],""exact_name_nonheading_hits"":[]}",false
TAL_DRAIN_SIPHON_LEDGER,Chakra Siphon Ledger,Drain,GENERATED_OR_PROJECTION_ROW,Declared source reference identifies a structural/projection packet whose exact talent authority remained backlog work.,"{""declared_source_refs"":[""R13A8-C06 user-approved scope and active Chakra doctrine; exact source-text/dice verification remains cleanup backlog.""],""exact_name_heading_hits"":[],""exact_name_nonheading_hits"":[]}",false
TAL_DRAIN_VITAL_IMBALANCE,Vital Imbalance Drain Rider,Drain,GENERATED_OR_PROJECTION_ROW,Declared source reference identifies a structural/projection packet whose exact talent authority remained backlog work.,"{""declared_source_refs"":[""R13A8-C06 user-approved scope and active Chakra doctrine; exact source-text/dice verification remains cleanup backlog.""],""exact_name_heading_hits"":[],""exact_name_nonheading_hits"":[]}",false
TAL_DREAM_DREAM_BEAST,Dream Beast,Dreams,AMBIGUOUS_REQUIRES_AUTHORITY_DECISION,"Exact source heading exists, but candidate-to-source identity and the accepted 1,748-talent count cannot be changed without a bounded authority ruling.","{""declared_source_refs"":[""Sphere compendium Dreams lines 21993-22837: core rules, mortal/core/nascent Dreams talents.""],""exact_name_heading_hits"":[{""heading"":""#### Dream Beast - Unique Dreams Talent"",""line"":23568},{""heading"":""##### Dream Beast"",""line"":23584}],""exact_name_nonheading_hits"":[]}",false
TAL_DREAM_DREAM_SEED,Dream Seed,Dreams,AMBIGUOUS_REQUIRES_AUTHORITY_DECISION,"Exact source heading exists, but candidate-to-source identity and the accepted 1,748-talent count cannot be changed without a bounded authority ruling.","{""declared_source_refs"":[""Sphere compendium Dreams lines 21993-22837: core rules, mortal/core/nascent Dreams talents.""],""exact_name_heading_hits"":[{""heading"":""#### Dream Seed"",""line"":22849},{""heading"":""#### Dream Seed"",""line"":22927}],""exact_name_nonheading_hits"":[{""line"":22843,""text"":""The Sphere of Dreams cultivates symbols, sleep, subconscious pressure, and lucid passage. Its practitioners plant Dream Seeds, create Dreamscapes, soothe allies, frighten enemies, and walk roads that exist only while the waking world loosens its grip.""},{""line"":22851,""text"":""A Dream Seed is a symbolic impression planted in one creature’s subconscious.""},{""line"":22853,""text"":""A Dream Seed is not a visible mark.""},{""line"":22859,""text"":""a Dream Seed on an awake unwilling creature lasts until the start of your next turn;""},{""line"":22861,""text"":""a Dream Seed on a willing or sleeping creature lasts for 1 hour;""},{""line"":22863,""text"":""a creature may bear only one of your Dream Seeds at a time;""},{""line"":22865,""text"":""a Dream Seed allows you to use Seed talents on that creature;""},{""line"":22867,""text"":""a Dream Seed ends if a talent consumes it. A sleeping creature does not automatically wake when a Dream Seed is planted.""},{""line"":22943,""text"":""Apply Dream Seed automatically.""},{""line"":22945,""text"":""The Dream Seed lasts for 1 hour.""}]}",false
TAL_DUAL_WIELDING_PAIR_TALENTS,Pair Talents,Dual Wielding,GENERATED_OR_PROJECTION_ROW,"Catalog role explicitly identifies a packet/action projection row, not a separately acquirable Talent.","{""declared_source_refs"":[""Tianxia_Sphere_Compendium_Player_Facing_Compilation_HF05L_HF05G_EDITORIAL_CLEANUP_2026_06_26(1).md :: Sphere of Dual Wielding :: Core Dual Wielding Rules > Pair Talents""],""exact_name_heading_hits"":[{""heading"":""#### Pair Talents"",""line"":25251},{""heading"":""#### Pair Talents"",""line"":25353}],""exact_name_nonheading_hits"":[{""line"":25493,""text"":""cannot receive Pair talents unless another feature explicitly allows it.""},{""line"":25569,""text"":""You may apply one Pair talent to each of these attacks, but the two Pair talents must be different.""},{""line"":25643,""text"":""Pair talents;""}]}",false
TAL_EARTH_CHURN_DIFFICULT_TERRAIN,Churn Earth Difficult Terrain,Earth,GENERATED_OR_PROJECTION_ROW,No exact current-compendium heading or text occurrence establishes this packet row as a selectable Talent.,"{""declared_source_refs"":[],""exact_name_heading_hits"":[],""exact_name_nonheading_hits"":[]}",false
TAL_EARTH_FISSURE_FALL_VERTICALITY,Fissure Fall Verticality,Earth,GENERATED_OR_PROJECTION_ROW,No exact current-compendium heading or text occurrence establishes this packet row as a selectable Talent.,"{""declared_source_refs"":[],""exact_name_heading_hits"":[],""exact_name_nonheading_hits"":[]}",false
TAL_EARTH_RAISE_COVER_OBJECT_DURABILITY,Raised Cover Object Durability,Earth,GENERATED_OR_PROJECTION_ROW,No exact current-compendium heading or text occurrence establishes this packet row as a selectable Talent.,"{""declared_source_refs"":[],""exact_name_heading_hits"":[],""exact_name_nonheading_hits"":[]}",false
TAL_EARTH_SPIKE_HAZARD_DAMAGE,Earth Spike Hazard Damage,Earth,GENERATED_OR_PROJECTION_ROW,No exact current-compendium heading or text occurrence establishes this packet row as a selectable Talent.,"{""declared_source_refs"":[],""exact_name_heading_hits"":[],""exact_name_nonheading_hits"":[]}",false
TAL_FENCING_PARRY_RIPOSTE,Parry-Riposte,Fencing,GENERATED_OR_PROJECTION_ROW,No exact current-compendium heading or text occurrence establishes this packet row as a selectable Talent.,"{""declared_source_refs"":[],""exact_name_heading_hits"":[],""exact_name_nonheading_hits"":[]}",false
TAL_FENCING_PRECISION_LUNGE,Precision Lunge,Fencing,GENERATED_OR_PROJECTION_ROW,No exact current-compendium heading or text occurrence establishes this packet row as a selectable Talent.,"{""declared_source_refs"":[],""exact_name_heading_hits"":[],""exact_name_nonheading_hits"":[]}",false
TAL_FLOWERS_FRAGRANCE,Fragrance,Flowers,GENERATED_OR_PROJECTION_ROW,"Catalog role explicitly identifies a packet/action projection row, not a separately acquirable Talent.","{""declared_source_refs"":[""Tianxia_Sphere_Compendium_Player_Facing_Compilation_HF05L_HF05G_EDITORIAL_CLEANUP_2026_06_26(1).md :: Sphere of Flowers :: Core Flower Rules > Fragrance""],""exact_name_heading_hits"":[{""heading"":""#### Fragrance"",""line"":30556},{""heading"":""#### Fragrance"",""line"":30641},{""heading"":""##### Lingering Fragrance"",""line"":30659},{""heading"":""#### Fragrant Veil - Fragrance"",""line"":30665},{""heading"":""#### Fragrance Talents"",""line"":30685},{""heading"":""#### Soporific Pollen - Fragrance"",""line"":30820},{""heading"":""#### Calming Perfume - Fragrance"",""line"":30838},{""heading"":""#### Poison Blossom - Fragrance"",""line"":30850},{""heading"":""#### Beguiling Perfume - Fragrance"",""line"":30872},{""heading"":""#### Layered Bouquet - Fragrance Augment"",""line"":30918},{""heading"":""#### Qi Cultivation - Living Fragrance"",""line"":31408}],""exact_name_nonheading_hits"":[{""line"":8450,""text"":""Qi Cultivation. A Qi Cultivator expresses Beauty through refined aura, fragrance, color, light, movement, cultivated clothing, flower wind, artful qi shaping, talismanic presentation, or elegant pressure. Qi Cultivators may project Beauty outward normally through legal sphere effects.""},{""line"":9324,""text"":""You may use presentation, costume, ritual posture, music, fragrance, calligraphy, rank tokens, banners, or ceremonial arrangement as supporting components for a noncombat project.""},{""line"":21534,""text"":""Flowers / Verdant Growth. Flowers and Verdant Growth provide pollen, spores, fragrances, medicinal blooms, plant life, and parasitic blossoms. Disease defines the infection pattern. Flowers may deliver or express that pattern.""},{""line"":30508,""text"":""Sphere Type: Power / Nature / Fragrance / Influence Sphere""},{""line"":30514,""text"":""Resource: CP, Blossoms, Fragrances, pollen or scent markers, medicinal blooms, poison blooms, and Concentration when a talent says so""},{""line"":30516,""text"":""Core Chassis: Blossoms, Bloom timing, Fragrance effects, support/control/poison/concealment branches""},{""line"":30518,""text"":""Flowers cultivates growth, fragrance, medicine, pollen, and delayed bloom. Its basic loop is to plant Blossoms, choose when they bloom, and shape drifting Fragrances into support, control, poison, or concealment.""},{""line"":30558,""text"":""A Fragrance is a drifting spiritual pollen cloud.""},{""line"":30562,""text"":""a Fragrance occupies a 15-foot-radius sphere;""},{""line"":30564,""text"":""a Fragrance uses Concentration;""}]}",false
TAL_FLOWERS_SPIRIT_LOTUS,Spirit Lotus,Flowers,GENERATED_OR_PROJECTION_ROW,"Catalog role explicitly identifies a packet/action projection row, not a separately acquirable Talent.","{""declared_source_refs"":[""Tianxia_Sphere_Compendium_Player_Facing_Compilation_HF05L_HF05G_EDITORIAL_CLEANUP_2026_06_26(1).md :: Sphere of Flowers :: CORE FORMATION REALM FLOWER TALENTS > Spirit Lotus - Blossom""],""exact_name_heading_hits"":[{""heading"":""#### Spirit Lotus - Blossom"",""line"":31045},{""heading"":""##### Spirit Lotus"",""line"":31055}],""exact_name_nonheading_hits"":[{""line"":31276,""text"":""Ten-Thousand Bloom Scripture does not allow the same creature to benefit from Medicinal Blossom or Spirit Lotus Restoration more often than normal.""},{""line"":31400,""text"":""When using Medicinal Blossom or Spirit Lotus:""},{""line"":31458,""text"":""When using Medicinal Blossom or Spirit Lotus:""}]}",false
TAL_FORCE_SET_ANCHOR,Set Anchor,Force,GENERATED_OR_PROJECTION_ROW,"Catalog role explicitly identifies a packet/action projection row, not a separately acquirable Talent.","{""declared_source_refs"":[""Tianxia_Sphere_Compendium_Player_Facing_Compilation_HF05L_HF05G_EDITORIAL_CLEANUP_2026_06_26(1).md :: Sphere of Force :: CORE FORCE RULES > Set Anchor""],""exact_name_heading_hits"":[{""heading"":""### Set Anchor"",""line"":32320},{""heading"":""### Set Anchor"",""line"":32405}],""exact_name_nonheading_hits"":[{""line"":32340,""text"":""An unwilling creature is not a legal target for Set Anchor.""},{""line"":32407,""text"":""Set Anchor follows the rules above.""},{""line"":32481,""text"":""An Anchor talent modifies Set Anchor or adds a new way to use Pressure Anchors.""},{""line"":32826,""text"":""Increase Set Anchor range to 60 feet.""},{""line"":32828,""text"":""When you use Set Anchor, create up to two external Pressure Anchors instead of one. Each anchor must have a separate legal target within range.""},{""line"":33374,""text"":""Increase Set Anchor range by 30 feet.""},{""line"":33414,""text"":""Increase Set Anchor range by 30 feet.""},{""line"":33514,""text"":""When using Set Anchor, create one additional external Pressure Anchor with a separate legal target within range.""},{""line"":52826,""text"":""Target: One formation node, qi construct, ward anchor, talisman array point, summoned asset anchor, or temporary technique-state you can see""},{""line"":53012,""text"":""- You may treat visible non-Secret formation nodes, talisman circuits, qi constructs, and summoned asset anchors within 120 feet as Conductive.""}]}",false
TAL_FORMATION_ANCHOR_OBJECT_FIELD_LEDGER,Formation Anchor Object/Field Ledger,Formations,GENERATED_OR_PROJECTION_ROW,Declared source reference identifies a structural/projection packet whose exact talent authority remained backlog work.,"{""declared_source_refs"":[""R13A8-C07 user-approved scope; exact source-text/dice verification remains cleanup backlog.""],""exact_name_heading_hits"":[],""exact_name_nonheading_hits"":[]}",false
TAL_FORMATION_AREA_SUPPORT_BOUNDARY,Formation Area Support Boundary,Formations,GENERATED_OR_PROJECTION_ROW,Declared source reference identifies a structural/projection packet whose exact talent authority remained backlog work.,"{""declared_source_refs"":[""R13A8-C07 user-approved scope; exact source-text/dice verification remains cleanup backlog.""],""exact_name_heading_hits"":[],""exact_name_nonheading_hits"":[]}",false
TAL_FORMATION_DISRUPTION_COUNTERPLAY,Formation Disruption Counterplay,Formations,GENERATED_OR_PROJECTION_ROW,Declared source reference identifies a structural/projection packet whose exact talent authority remained backlog work.,"{""declared_source_refs"":[""R13A8-C07 user-approved scope; exact source-text/dice verification remains cleanup backlog.""],""exact_name_heading_hits"":[],""exact_name_nonheading_hits"":[]}",false
TAL_FORMATION_OBJECT_STEP_SEQUENCE,Formation Object Step Sequence,Formations,GENERATED_OR_PROJECTION_ROW,Declared source reference identifies a structural/projection packet whose exact talent authority remained backlog work.,"{""declared_source_refs"":[""R13A8-C07 user-approved scope; exact source-text/dice verification remains cleanup backlog.""],""exact_name_heading_hits"":[],""exact_name_nonheading_hits"":[]}",false
TAL_FORMATION_SUSTAIN_CONCENTRATION_OR_RESOURCE_LEDGER,Formation Sustain Concentration/Resource Ledger,Formations,GENERATED_OR_PROJECTION_ROW,Declared source reference identifies a structural/projection packet whose exact talent authority remained backlog work.,"{""declared_source_refs"":[""R13A8-C07 user-approved scope; exact source-text/dice verification remains cleanup backlog.""],""exact_name_heading_hits"":[],""exact_name_nonheading_hits"":[]}",false
TAL_FORMATION_TRIGGER_REACTION_WINDOW,Formation Trigger Reaction Window,Formations,GENERATED_OR_PROJECTION_ROW,Declared source reference identifies a structural/projection packet whose exact talent authority remained backlog work.,"{""declared_source_refs"":[""R13A8-C07 user-approved scope; exact source-text/dice verification remains cleanup backlog.""],""exact_name_heading_hits"":[],""exact_name_nonheading_hits"":[]}",false
TAL_GLASS_FRAGILE_OBJECT_DURABILITY,Fragile Glass Object Durability,Glass,GENERATED_OR_PROJECTION_ROW,No exact current-compendium heading or text occurrence establishes this packet row as a selectable Talent.,"{""declared_source_refs"":[],""exact_name_heading_hits"":[],""exact_name_nonheading_hits"":[]}",false
TAL_GLASS_MIRROR_COVER_OBSCUREMENT,Glass Mirror Cover Obscurement,Glass,GENERATED_OR_PROJECTION_ROW,No exact current-compendium heading or text occurrence establishes this packet row as a selectable Talent.,"{""declared_source_refs"":[],""exact_name_heading_hits"":[],""exact_name_nonheading_hits"":[]}",false
TAL_GLASS_REFRACTION_COVER_OBSCUREMENT,Refraction Cover Obscurement,Glass,GENERATED_OR_PROJECTION_ROW,No exact current-compendium heading or text occurrence establishes this packet row as a selectable Talent.,"{""declared_source_refs"":[],""exact_name_heading_hits"":[],""exact_name_nonheading_hits"":[]}",false
TAL_GLASS_SHARD_HAZARD_DAMAGE,Glass Shard Hazard Damage,Glass,GENERATED_OR_PROJECTION_ROW,No exact current-compendium heading or text occurrence establishes this packet row as a selectable Talent.,"{""declared_source_refs"":[],""exact_name_heading_hits"":[],""exact_name_nonheading_hits"":[]}",false
TAL_GRAVITY_EXTERNAL_WEIGHT_SHIFT,External Weight Shift,Gravity,BASE_SPHERE_ABILITY,Exact source heading identifies a base Sphere ability/technique rather than a trained Talent.,"{""declared_source_refs"":[""Sphere compendium Gravity global lines 33981-34138; base Weight Shift / Weighted Strike / External Weight Shift local excerpt lines 168-268.""],""exact_name_heading_hits"":[{""heading"":""### Base Technique - External Weight Shift"",""line"":36194}],""exact_name_nonheading_hits"":[{""line"":35958,""text"":""Core Chassis: Weight Shift, Spatial Awareness of down/anchor pressure, Weighted Strike, External Weight Shift""},{""line"":37061,""text"":""Once per turn, reduce the cost of Gravitic Pull, Gravitic Push, External Weight Shift, or Gravity Well by 1 Qi, minimum 0.""}]}",false
TAL_GRAVITY_WEIGHTED_STRIKE,Weighted Strike - Heavying Blow,Gravity,GENERATED_OR_PROJECTION_ROW,No exact current-compendium heading or text occurrence establishes this packet row as a selectable Talent.,"{""declared_source_refs"":[""Sphere compendium Gravity global lines 33981-34138; base Weight Shift / Weighted Strike / External Weight Shift local excerpt lines 168-268.""],""exact_name_heading_hits"":[],""exact_name_nonheading_hits"":[]}",false
TAL_GRAVITY_WEIGHT_SHIFT_BASE,Weight Shift,Gravity,BASE_SPHERE_ABILITY,Exact source heading identifies a base Sphere ability/technique rather than a trained Talent.,"{""declared_source_refs"":[""Sphere compendium Gravity global lines 33981-34138; base Weight Shift / Weighted Strike / External Weight Shift local excerpt lines 168-268.""],""exact_name_heading_hits"":[{""heading"":""### Base Ability - Weight Shift"",""line"":36112},{""heading"":""### Base Technique - External Weight Shift"",""line"":36194}],""exact_name_nonheading_hits"":[{""line"":35958,""text"":""Core Chassis: Weight Shift, Spatial Awareness of down/anchor pressure, Weighted Strike, External Weight Shift""},{""line"":36104,""text"":""When you first learn the Sphere of Gravity, you gain Weight Shift and learn one Gravity talent for which you meet the prerequisites.""},{""line"":36126,""text"":""You may change modes only once on each of your turns unless a talent says otherwise. If you are Incapacitated, your Weight Shift becomes Neutral Weight.""},{""line"":36166,""text"":""You return to normal weight. Ending Weight Shift early requires no action on your turn.""},{""line"":36580,""text"":""When you use Weight Shift, you may spend 1 CP or Stamina to apply the same mode to one willing creature you touch.""},{""line"":36584,""text"":""A creature can benefit from only one Weight Shift at a time. If multiple Weight Shifts apply, the creature chooses which one remains.""},{""line"":36706,""text"":""While Gravitic Armor is active, your Weight Shift modes improve:""},{""line"":36975,""text"":""Your Field Art range is halved unless the target is adjacent to you, touching the ground you stand on, or affected by your Weight Shift.""},{""line"":36983,""text"":""While Body Heavying is active, your base Weight Shift damage bonus applies to the first melee hit you land each turn even if you moved more than half your Speed, as long as you moved in a straight line toward the target.""},{""line"":37007,""text"":""Weight Shift costs 1 CP or Stamina if you maintain Body Lightening or Body Heavying for more than one consecutive round.""}]}",false
TAL_HALF_PHASE_GUARD,Half-Phase Guard,Phasing,GENERATED_OR_PROJECTION_ROW,Declared source reference identifies a structural/projection packet whose exact talent authority remained backlog work.,"{""declared_source_refs"":[""R13A8-C06 user-approved scope and active Chakra doctrine; exact source-text/dice verification remains cleanup backlog.""],""exact_name_heading_hits"":[],""exact_name_nonheading_hits"":[]}",false
TAL_HARVESTING_BATTLEFIELD_SCAVENGE_LIMIT,Battlefield Scavenge Limit,Harvesting-Gathering,GENERATED_OR_PROJECTION_ROW,No exact current-compendium heading or text occurrence establishes this packet row as a selectable Talent.,"{""declared_source_refs"":[],""exact_name_heading_hits"":[],""exact_name_nonheading_hits"":[]}",false
TAL_HARVESTING_CONSUME_RESOURCE_LIMIT,Consume Resource Limit,Harvesting-Gathering,GENERATED_OR_PROJECTION_ROW,No exact current-compendium heading or text occurrence establishes this packet row as a selectable Talent.,"{""declared_source_refs"":[],""exact_name_heading_hits"":[],""exact_name_nonheading_hits"":[]}",false
TAL_HARVESTING_PREPARED_NODE_OBJECT_STATE,Prepared Node Object State,Harvesting-Gathering,GENERATED_OR_PROJECTION_ROW,No exact current-compendium heading or text occurrence establishes this packet row as a selectable Talent.,"{""declared_source_refs"":[],""exact_name_heading_hits"":[],""exact_name_nonheading_hits"":[]}",false
TAL_HARVESTING_RESOURCE_GATHERING_LEDGER,Environmental Resource Gathering Ledger,Harvesting-Gathering,GENERATED_OR_PROJECTION_ROW,No exact current-compendium heading or text occurrence establishes this packet row as a selectable Talent.,"{""declared_source_refs"":[],""exact_name_heading_hits"":[],""exact_name_nonheading_hits"":[]}",false
TAL_HUNGER_BOUNDARY,Legal versus Forbidden Hunger Boundary,Hunger,GENERATED_OR_PROJECTION_ROW,Declared source reference identifies a structural/projection packet whose exact talent authority remained backlog work.,"{""declared_source_refs"":[""C09 structural seed packet. Exact dice/source-text verification remains in C09 cleanup backlog unless explicitly certified in a later source-text pass.""],""exact_name_heading_hits"":[],""exact_name_nonheading_hits"":[]}",false
TAL_HUNGER_FORBIDDEN_FEAST,Forbidden Cultivator Feast,Hunger,GENERATED_OR_PROJECTION_ROW,Declared source reference identifies a structural/projection packet whose exact talent authority remained backlog work.,"{""declared_source_refs"":[""C09 structural seed packet. Exact dice/source-text verification remains in C09 cleanup backlog unless explicitly certified in a later source-text pass.""],""exact_name_heading_hits"":[],""exact_name_nonheading_hits"":[]}",false
TAL_HUNGER_LEGAL_MEAL,Legal Gourmand Meal,Hunger,GENERATED_OR_PROJECTION_ROW,Declared source reference identifies a structural/projection packet whose exact talent authority remained backlog work.,"{""declared_source_refs"":[""C09 structural seed packet. Exact dice/source-text verification remains in C09 cleanup backlog unless explicitly certified in a later source-text pass.""],""exact_name_heading_hits"":[],""exact_name_nonheading_hits"":[]}",false
TAL_HUNGER_REFINE_MANTLE,Refine Mantle,Hunger,GENERATED_OR_PROJECTION_ROW,Declared source reference identifies a structural/projection packet whose exact talent authority remained backlog work.,"{""declared_source_refs"":[""C09 structural seed packet. Exact dice/source-text verification remains in C09 cleanup backlog unless explicitly certified in a later source-text pass.""],""exact_name_heading_hits"":[],""exact_name_nonheading_hits"":[]}",false
TAL_HUNGER_TEMPTATION,Hunger Temptation,Hunger,GENERATED_OR_PROJECTION_ROW,Declared source reference identifies a structural/projection packet whose exact talent authority remained backlog work.,"{""declared_source_refs"":[""C09 structural seed packet. Exact dice/source-text verification remains in C09 cleanup backlog unless explicitly certified in a later source-text pass.""],""exact_name_heading_hits"":[],""exact_name_nonheading_hits"":[]}",false
TAL_ILLUSION_FALSE_PREMISES_CORE,False Premise Core,Illusion,GENERATED_OR_PROJECTION_ROW,No exact current-compendium heading or text occurrence establishes this packet row as a selectable Talent.,"{""declared_source_refs"":[""Sphere compendium Illusion lines 41062-41650: core rules, base abilities, mortal/foundation/core talents.""],""exact_name_heading_hits"":[],""exact_name_nonheading_hits"":[]}",false
TAL_IRON_FIST_FORM_TALENTS,Form Talents,Iron Fist,GENERATED_OR_PROJECTION_ROW,"Catalog role explicitly identifies a packet/action projection row, not a separately acquirable Talent.","{""declared_source_refs"":[""Tianxia_Sphere_Compendium_Player_Facing_Compilation_HF05L_HF05G_EDITORIAL_CLEANUP_2026_06_26(1).md :: Sphere of Iron Fist :: Player-Facing Rules > Core Iron Fist Rules > Form Talents""],""exact_name_heading_hits"":[{""heading"":""##### Form Talents"",""line"":46848},{""heading"":""##### Form Talents"",""line"":46948}],""exact_name_nonheading_hits"":[{""line"":47396,""text"":""When you take the Attack action and make at least two Unarmed Strikes, choose two different Form talents you know.""},{""line"":92238,""text"":""**Ruin Form Talents** are the sphere’s major form techniques. They are not automatically Secret Inheritances. Most are normal Realm talents.""},{""line"":92746,""text"":""**Prerequisites:** CL 17+, Sixth Ruin Form: Star-Sundering Cut, at least two other Ruin Form talents, access to a true Unmaking inheritance, black-vein scripture, ruined-star revelation, or comparable destructive qi transmission""}]}",false
TAL_IRON_FIST_GUARD_TALENTS,Guard Talents,Iron Fist,GENERATED_OR_PROJECTION_ROW,"Catalog role explicitly identifies a packet/action projection row, not a separately acquirable Talent.","{""declared_source_refs"":[""Tianxia_Sphere_Compendium_Player_Facing_Compilation_HF05L_HF05G_EDITORIAL_CLEANUP_2026_06_26(1).md :: Sphere of Iron Fist :: Player-Facing Rules > Core Iron Fist Rules > Guard Talents""],""exact_name_heading_hits"":[{""heading"":""#### Guard Talents"",""line"":25357},{""heading"":""##### Guard Talents"",""line"":46880},{""heading"":""##### Guard Talents"",""line"":46956},{""heading"":""##### Guard Talents"",""line"":59970},{""heading"":""### Guard Talents"",""line"":68439}],""exact_name_nonheading_hits"":[{""line"":846,""text"":""Guard Talents turn wind into defense, interception, or projectile denial.""},{""line"":46886,""text"":""Iron Fist Guard talents represent stance, forearms, shoulders, breath, and conditioned flesh. They do not count as Shields, Protection Aegises, or Guardian Interposes unless a talent explicitly says otherwise.""}]}",false
TAL_IRON_FIST_OPEN_THE_GATE,Open the Gate,Iron Fist,GENERATED_OR_PROJECTION_ROW,"Catalog role explicitly identifies a packet/action projection row, not a separately acquirable Talent.","{""declared_source_refs"":[""Tianxia_Sphere_Compendium_Player_Facing_Compilation_HF05L_HF05G_EDITORIAL_CLEANUP_2026_06_26(1).md :: Sphere of Iron Fist :: Player-Facing Rules > Core Iron Fist Rules > Open the Gate""],""exact_name_heading_hits"":[{""heading"":""##### Open the Gate"",""line"":46830},{""heading"":""##### Open the Gate"",""line"":46936}],""exact_name_nonheading_hits"":[{""line"":46680,""text"":""Open the gate. Land an Unarmed Strike, Shove, Grapple, or body-check that creates an Opening.""},{""line"":46852,""text"":""A Form talent modifies one Unarmed Strike or one Open the Gate effect.""},{""line"":46938,""text"":""You gain the Opening and Open the Gate rules described above.""},{""line"":46950,""text"":""A Form talent modifies one Unarmed Strike or Open the Gate effect.""},{""line"":47032,""text"":""apply Open the Gate again to that creature;""},{""line"":47108,""text"":""When you hit a creature with an Unarmed Strike, you may forgo Open the Gate to attempt to disarm one object it is holding.""}]}",false
TAL_IRON_FIST_SEQUENCE_TALENTS,Sequence Talents,Iron Fist,GENERATED_OR_PROJECTION_ROW,"Catalog role explicitly identifies a packet/action projection row, not a separately acquirable Talent.","{""declared_source_refs"":[""Tianxia_Sphere_Compendium_Player_Facing_Compilation_HF05L_HF05G_EDITORIAL_CLEANUP_2026_06_26(1).md :: Sphere of Iron Fist :: Player-Facing Rules > Core Iron Fist Rules > Sequence Talents""],""exact_name_heading_hits"":[{""heading"":""##### Sequence Talents"",""line"":46866},{""heading"":""##### Sequence Talents"",""line"":46952}],""exact_name_nonheading_hits"":[]}",false
TAL_MERIDIAN_BREATH_CATCHING_POINT,Breath-Catching Point,Pressure Points / Meridian,AMBIGUOUS_REQUIRES_AUTHORITY_DECISION,"Exact source heading exists, but candidate-to-source identity and the accepted 1,748-talent count cannot be changed without a bounded authority ruling.","{""declared_source_refs"":[""Sphere compendium Pressure Points/Meridian local excerpt lines 84-726; Point, Seal, Counterpoint, Diagnostic, and Domain talents.""],""exact_name_heading_hits"":[{""heading"":""#### Breath-Catching Point - Point"",""line"":62376}],""exact_name_nonheading_hits"":[]}",false
TAL_MERIDIAN_BREATH_SEAL,Breath Seal,Pressure Points / Meridian,AMBIGUOUS_REQUIRES_AUTHORITY_DECISION,"Exact source heading exists, but candidate-to-source identity and the accepted 1,748-talent count cannot be changed without a bounded authority ruling.","{""declared_source_refs"":[""Sphere compendium Pressure Points/Meridian local excerpt lines 84-726; Point, Seal, Counterpoint, Diagnostic, and Domain talents.""],""exact_name_heading_hits"":[{""heading"":""#### Breath Seal - Seal"",""line"":62490}],""exact_name_nonheading_hits"":[{""line"":47204,""text"":""Breath Seal: The target cannot take Reactions and has Disadvantage on the next Concentration saving throw it makes.""},{""line"":52006,""text"":""When you use Latent Healing on a creature, you may spend 3 additional CP to create a Last Breath Seal.""},{""line"":52012,""text"":""A creature can benefit from only one Last Breath Seal per long rest.""},{""line"":62712,""text"":""Prerequisite: Breath Seal, CL 5+""}]}",false
TAL_MERIDIAN_CHAMBER_OF_NINE_GATES,Chamber of Nine Gates,Pressure Points / Meridian,AMBIGUOUS_REQUIRES_AUTHORITY_DECISION,"Exact source heading exists, but candidate-to-source identity and the accepted 1,748-talent count cannot be changed without a bounded authority ruling.","{""declared_source_refs"":[""Sphere compendium Pressure Points/Meridian local excerpt lines 84-726; Point, Seal, Counterpoint, Diagnostic, and Domain talents.""],""exact_name_heading_hits"":[{""heading"":""#### Chamber of Nine Gates - Domain, Realm Evolution"",""line"":62836}],""exact_name_nonheading_hits"":[{""line"":63048,""text"":""Prerequisite: Chamber of Nine Gates, CL 15+""}]}",false
TAL_MERIDIAN_FALLING_GATE_SEAL,Falling Gate Seal,Pressure Points / Meridian,AMBIGUOUS_REQUIRES_AUTHORITY_DECISION,"Exact source heading exists, but candidate-to-source identity and the accepted 1,748-talent count cannot be changed without a bounded authority ruling.","{""declared_source_refs"":[""Sphere compendium Pressure Points/Meridian local excerpt lines 84-726; Point, Seal, Counterpoint, Diagnostic, and Domain talents.""],""exact_name_heading_hits"":[{""heading"":""#### Falling Gate Seal - Seal"",""line"":62502}],""exact_name_nonheading_hits"":[]}",false
TAL_MERIDIAN_GRIP_SEAL,Grip Seal,Pressure Points / Meridian,AMBIGUOUS_REQUIRES_AUTHORITY_DECISION,"Exact source heading exists, but candidate-to-source identity and the accepted 1,748-talent count cannot be changed without a bounded authority ruling.","{""declared_source_refs"":[""Sphere compendium Pressure Points/Meridian local excerpt lines 84-726; Point, Seal, Counterpoint, Diagnostic, and Domain talents.""],""exact_name_heading_hits"":[{""heading"":""#### Grip Seal - Seal"",""line"":62514}],""exact_name_nonheading_hits"":[{""line"":62774,""text"":""Prerequisite: Grip Seal, CL 5+""}]}",false
TAL_MERIDIAN_INTERRUPTING_POINT,Interrupting Point,Pressure Points / Meridian,AMBIGUOUS_REQUIRES_AUTHORITY_DECISION,"Exact source heading exists, but candidate-to-source identity and the accepted 1,748-talent count cannot be changed without a bounded authority ruling.","{""declared_source_refs"":[""Sphere compendium Pressure Points/Meridian local excerpt lines 84-726; Point, Seal, Counterpoint, Diagnostic, and Domain talents.""],""exact_name_heading_hits"":[{""heading"":""#### Interrupting Point - Counterpoint, Meridian"",""line"":62790}],""exact_name_nonheading_hits"":[{""line"":62808,""text"":""Interrupting Point delays timing; it does not counter the effect outright.""},{""line"":62874,""text"":""Prerequisite: Interrupting Point, CL 10+""}]}",false
TAL_MERIDIAN_JOINT_SEAL,Joint Seal,Pressure Points / Meridian,AMBIGUOUS_REQUIRES_AUTHORITY_DECISION,"Exact source heading exists, but candidate-to-source identity and the accepted 1,748-talent count cannot be changed without a bounded authority ruling.","{""declared_source_refs"":[""Sphere compendium Pressure Points/Meridian local excerpt lines 84-726; Point, Seal, Counterpoint, Diagnostic, and Domain talents.""],""exact_name_heading_hits"":[{""heading"":""#### Joint Seal - Seal"",""line"":62474}],""exact_name_nonheading_hits"":[]}",false
TAL_MERIDIAN_LIFE_GATE_TOUCH,Life Gate Touch,Pressure Points / Meridian,AMBIGUOUS_REQUIRES_AUTHORITY_DECISION,"Exact source heading exists, but candidate-to-source identity and the accepted 1,748-talent count cannot be changed without a bounded authority ruling.","{""declared_source_refs"":[""Sphere compendium Pressure Points/Meridian local excerpt lines 84-726; Point, Seal, Counterpoint, Diagnostic, and Domain talents.""],""exact_name_heading_hits"":[{""heading"":""#### Life Gate Touch - Diagnostic, Meridian"",""line"":62924}],""exact_name_nonheading_hits"":[{""line"":62950,""text"":""A creature may benefit from your Life Gate Touch only once per long rest.""},{""line"":63080,""text"":""Prerequisite: Life Gate Touch, CL 15+""},{""line"":63176,""text"":""You cannot use Gentle Release, Life Gate Touch, or Return the Broken Pulse.""}]}",false
TAL_MERIDIAN_LOCKED_BREATH_METHOD,Locked Breath Method,Pressure Points / Meridian,AMBIGUOUS_REQUIRES_AUTHORITY_DECISION,"Exact source heading exists, but candidate-to-source identity and the accepted 1,748-talent count cannot be changed without a bounded authority ruling.","{""declared_source_refs"":[""Sphere compendium Pressure Points/Meridian local excerpt lines 84-726; Point, Seal, Counterpoint, Diagnostic, and Domain talents.""],""exact_name_heading_hits"":[{""heading"":""#### Locked Breath Method - Seal, Meridian"",""line"":62710}],""exact_name_nonheading_hits"":[]}",false
TAL_MERIDIAN_NEEDLE_MEETS_BLADE,Needle Meets Blade,Pressure Points / Meridian,AMBIGUOUS_REQUIRES_AUTHORITY_DECISION,"Exact source heading exists, but candidate-to-source identity and the accepted 1,748-talent count cannot be changed without a bounded authority ruling.","{""declared_source_refs"":[""Sphere compendium Pressure Points/Meridian local excerpt lines 84-726; Point, Seal, Counterpoint, Diagnostic, and Domain talents.""],""exact_name_heading_hits"":[{""heading"":""#### Needle Meets Blade - Counterpoint"",""line"":62810}],""exact_name_nonheading_hits"":[]}",false
TAL_MERIDIAN_NINE_NEEDLE_CASCADE,Nine-Needle Cascade,Pressure Points / Meridian,AMBIGUOUS_REQUIRES_AUTHORITY_DECISION,"Exact source heading exists, but candidate-to-source identity and the accepted 1,748-talent count cannot be changed without a bounded authority ruling.","{""declared_source_refs"":[""Sphere compendium Pressure Points/Meridian local excerpt lines 84-726; Point, Seal, Counterpoint, Diagnostic, and Domain talents.""],""exact_name_heading_hits"":[{""heading"":""#### Nine-Needle Cascade - Point, Meridian"",""line"":62890}],""exact_name_nonheading_hits"":[]}",false
TAL_MERIDIAN_NUMBING_POINT,Numbing Point,Pressure Points / Meridian,AMBIGUOUS_REQUIRES_AUTHORITY_DECISION,"Exact source heading exists, but candidate-to-source identity and the accepted 1,748-talent count cannot be changed without a bounded authority ruling.","{""declared_source_refs"":[""Sphere compendium Pressure Points/Meridian local excerpt lines 28-82; Numbing Point and Reading Touch.""],""exact_name_heading_hits"":[{""heading"":""### Numbing Point - Point"",""line"":62330}],""exact_name_nonheading_hits"":[{""line"":62326,""text"":""learn Precision Contact, Touch the Point, Numbing Point, and Reading Touch;""},{""line"":62862,""text"":""once during each of your turns, when a creature bearing one of your Pressure Points inside the Domain misses an attack, fails a saving throw, or loses Concentration, you may apply Numbing Point to it without spending an Action;""},{""line"":62900,""text"":""Failed Save: Apply Numbing Point to the second creature.""},{""line"":62996,""text"":""once during each of your turns, you may apply Numbing Point to one creature you can perceive within range without making an attack;""},{""line"":63170,""text"":""You learn Gentle Release instead of Numbing Point as your automatic base talent.""}]}",false
TAL_MERIDIAN_QI_NEEDLE_TAP,Qi-Needle Tap,Pressure Points / Meridian,AMBIGUOUS_REQUIRES_AUTHORITY_DECISION,"Exact source heading exists, but candidate-to-source identity and the accepted 1,748-talent count cannot be changed without a bounded authority ruling.","{""declared_source_refs"":[""Sphere compendium Pressure Points/Meridian local excerpt lines 84-726; Point, Seal, Counterpoint, Diagnostic, and Domain talents.""],""exact_name_heading_hits"":[{""heading"":""#### Qi-Needle Tap - Point, Meridian"",""line"":62692}],""exact_name_nonheading_hits"":[]}",false
TAL_MERIDIAN_READING_TOUCH,Reading Touch,Pressure Points / Meridian,AMBIGUOUS_REQUIRES_AUTHORITY_DECISION,"Exact source heading exists, but candidate-to-source identity and the accepted 1,748-talent count cannot be changed without a bounded authority ruling.","{""declared_source_refs"":[""Sphere compendium Pressure Points/Meridian local excerpt lines 28-82; Numbing Point and Reading Touch.""],""exact_name_heading_hits"":[{""heading"":""### Reading Touch - Diagnostic"",""line"":62350}],""exact_name_nonheading_hits"":[{""line"":62270,""text"":""Read the Body. Use Reading Touch instead of applying a Point or Seal.""},{""line"":62326,""text"":""learn Precision Contact, Touch the Point, Numbing Point, and Reading Touch;""},{""line"":62370,""text"":""Reading Touch does not reveal a complete stat block, hidden identity, class features, Path, Realm, secret technique, or invisible effect.""}]}",false
TAL_MERIDIAN_REVERSING_PULSE,Reversing Pulse,Pressure Points / Meridian,AMBIGUOUS_REQUIRES_AUTHORITY_DECISION,"Exact source heading exists, but candidate-to-source identity and the accepted 1,748-talent count cannot be changed without a bounded authority ruling.","{""declared_source_refs"":[""Sphere compendium Pressure Points/Meridian local excerpt lines 84-726; Point, Seal, Counterpoint, Diagnostic, and Domain talents.""],""exact_name_heading_hits"":[{""heading"":""#### Reversing Pulse - Counterpoint, Meridian"",""line"":62906}],""exact_name_nonheading_hits"":[]}",false
TAL_MERIDIAN_SOFT_PARALYSIS_TAP,Soft Paralysis Tap,Pressure Points / Meridian,AMBIGUOUS_REQUIRES_AUTHORITY_DECISION,"Exact source heading exists, but candidate-to-source identity and the accepted 1,748-talent count cannot be changed without a bounded authority ruling.","{""declared_source_refs"":[""Sphere compendium Pressure Points/Meridian local excerpt lines 84-726; Point, Seal, Counterpoint, Diagnostic, and Domain talents.""],""exact_name_heading_hits"":[{""heading"":""#### Soft Paralysis Tap - Seal, Meridian"",""line"":62724}],""exact_name_nonheading_hits"":[]}",false
TAL_MERIDIAN_SPEECH_KNOT_POINT,Speech-Knot Point,Pressure Points / Meridian,AMBIGUOUS_REQUIRES_AUTHORITY_DECISION,"Exact source heading exists, but candidate-to-source identity and the accepted 1,748-talent count cannot be changed without a bounded authority ruling.","{""declared_source_refs"":[""Sphere compendium Pressure Points/Meridian local excerpt lines 84-726; Point, Seal, Counterpoint, Diagnostic, and Domain talents.""],""exact_name_heading_hits"":[{""heading"":""#### Speech-Knot Point - Point"",""line"":62428}],""exact_name_nonheading_hits"":[]}",false
TAL_MERIDIAN_STANCE_BREAKING_POINT,Stance-Breaking Point,Pressure Points / Meridian,AMBIGUOUS_REQUIRES_AUTHORITY_DECISION,"Exact source heading exists, but candidate-to-source identity and the accepted 1,748-talent count cannot be changed without a bounded authority ruling.","{""declared_source_refs"":[""Sphere compendium Pressure Points/Meridian local excerpt lines 84-726; Point, Seal, Counterpoint, Diagnostic, and Domain talents.""],""exact_name_heading_hits"":[{""heading"":""#### Stance-Breaking Point - Point"",""line"":62404}],""exact_name_nonheading_hits"":[]}",false
TAL_MERIDIAN_TECHNIQUE_CLOSING_POINT,Technique-Closing Point,Pressure Points / Meridian,AMBIGUOUS_REQUIRES_AUTHORITY_DECISION,"Exact source heading exists, but candidate-to-source identity and the accepted 1,748-talent count cannot be changed without a bounded authority ruling.","{""declared_source_refs"":[""Sphere compendium Pressure Points/Meridian local excerpt lines 84-726; Point, Seal, Counterpoint, Diagnostic, and Domain talents.""],""exact_name_heading_hits"":[{""heading"":""#### Technique-Closing Point - Seal, Meridian"",""line"":62872}],""exact_name_nonheading_hits"":[]}",false
TAL_METAL_BARRIER_COVER_OBJECT_HP,Metal Barrier Cover Object HP,Metal,GENERATED_OR_PROJECTION_ROW,No exact current-compendium heading or text occurrence establishes this packet row as a selectable Talent.,"{""declared_source_refs"":[],""exact_name_heading_hits"":[],""exact_name_nonheading_hits"":[]}",false
TAL_METAL_CALTROP_HAZARD_DIFFICULT_TERRAIN,Metal Caltrop Hazard Difficult Terrain,Metal,GENERATED_OR_PROJECTION_ROW,No exact current-compendium heading or text occurrence establishes this packet row as a selectable Talent.,"{""declared_source_refs"":[],""exact_name_heading_hits"":[],""exact_name_nonheading_hits"":[]}",false
TAL_METAL_MAGNETIC_FORCED_MOVEMENT_OBJECT,Magnetic Object Forced Movement,Metal,GENERATED_OR_PROJECTION_ROW,No exact current-compendium heading or text occurrence establishes this packet row as a selectable Talent.,"{""declared_source_refs"":[],""exact_name_heading_hits"":[],""exact_name_nonheading_hits"":[]}",false
TAL_METAL_SHAPE_OBJECT_DURABILITY,Metal Shape Object Durability,Metal,GENERATED_OR_PROJECTION_ROW,No exact current-compendium heading or text occurrence establishes this packet row as a selectable Talent.,"{""declared_source_refs"":[],""exact_name_heading_hits"":[],""exact_name_nonheading_hits"":[]}",false
TAL_MUSIC_AURA_CONCENTRATION_LEDGER,Music Aura Concentration Ledger,Music,GENERATED_OR_PROJECTION_ROW,Declared source reference identifies a structural/projection packet whose exact talent authority remained backlog work.,"{""declared_source_refs"":[""R13A8-C07 user-approved scope; exact source-text/dice verification remains cleanup backlog.""],""exact_name_heading_hits"":[],""exact_name_nonheading_hits"":[]}",false
TAL_MUSIC_AURA_STACKING_SOURCE_ID,Music Aura Stacking Source ID,Music,GENERATED_OR_PROJECTION_ROW,Declared source reference identifies a structural/projection packet whose exact talent authority remained backlog work.,"{""declared_source_refs"":[""R13A8-C07 user-approved scope; exact source-text/dice verification remains cleanup backlog.""],""exact_name_heading_hits"":[],""exact_name_nonheading_hits"":[]}",false
TAL_MUSIC_CONCENTRATION_BREAK_COUNTERPLAY,Music Concentration Break Counterplay,Music,GENERATED_OR_PROJECTION_ROW,Declared source reference identifies a structural/projection packet whose exact talent authority remained backlog work.,"{""declared_source_refs"":[""R13A8-C07 user-approved scope; exact source-text/dice verification remains cleanup backlog.""],""exact_name_heading_hits"":[],""exact_name_nonheading_hits"":[]}",false
TAL_MUSIC_COUNTERCHANT_REACTION_LOCK,Counterchant Reaction Lock,Music,GENERATED_OR_PROJECTION_ROW,Declared source reference identifies a structural/projection packet whose exact talent authority remained backlog work.,"{""declared_source_refs"":[""R13A8-C07 user-approved scope; exact source-text/dice verification remains cleanup backlog.""],""exact_name_heading_hits"":[],""exact_name_nonheading_hits"":[]}",false
TAL_MUSIC_MOTIF_SUPPORT_OR_PRESSURE,Resonant Motif Support / Pressure,Music,GENERATED_OR_PROJECTION_ROW,Declared source reference identifies a structural/projection packet whose exact talent authority remained backlog work.,"{""declared_source_refs"":[""R13A8-C07 user-approved scope; exact source-text/dice verification remains cleanup backlog.""],""exact_name_heading_hits"":[],""exact_name_nonheading_hits"":[]}",false
TAL_PHASING_LEGAL_WINDOW,Legal Phasing Window,Phasing,GENERATED_OR_PROJECTION_ROW,Declared source reference identifies a structural/projection packet whose exact talent authority remained backlog work.,"{""declared_source_refs"":[""R13A8-C06 user-approved scope and active Chakra doctrine; exact source-text/dice verification remains cleanup backlog.""],""exact_name_heading_hits"":[],""exact_name_nonheading_hits"":[]}",false
TAL_PHASING_REACTION_RULE,No Own-Turn Reaction Lock,Phasing,GENERATED_OR_PROJECTION_ROW,Declared source reference identifies a structural/projection packet whose exact talent authority remained backlog work.,"{""declared_source_refs"":[""R13A8-C06 user-approved scope and active Chakra doctrine; exact source-text/dice verification remains cleanup backlog.""],""exact_name_heading_hits"":[],""exact_name_nonheading_hits"":[]}",false
TAL_POISON_ANTIDOTE_REVERSAL,Antidote Reversal,Poison,GENERATED_OR_PROJECTION_ROW,Declared source reference identifies a structural/projection packet whose exact talent authority remained backlog work.,"{""declared_source_refs"":[""C09 structural seed packet. Exact dice/source-text verification remains in C09 cleanup backlog unless explicitly certified in a later source-text pass.""],""exact_name_heading_hits"":[],""exact_name_nonheading_hits"":[]}",false
TAL_POISON_CONTACT_TOXIN,Contact Toxin,Poison,GENERATED_OR_PROJECTION_ROW,Declared source reference identifies a structural/projection packet whose exact talent authority remained backlog work.,"{""declared_source_refs"":[""C09 structural seed packet. Exact dice/source-text verification remains in C09 cleanup backlog unless explicitly certified in a later source-text pass.""],""exact_name_heading_hits"":[],""exact_name_nonheading_hits"":[]}",false
TAL_POISON_DOT,Lingering Venom,Poison,GENERATED_OR_PROJECTION_ROW,Declared source reference identifies a structural/projection packet whose exact talent authority remained backlog work.,"{""declared_source_refs"":[""C09 structural seed packet. Exact dice/source-text verification remains in C09 cleanup backlog unless explicitly certified in a later source-text pass.""],""exact_name_heading_hits"":[],""exact_name_nonheading_hits"":[{""line"":61248,""text"":""Failed Save: Choose one Lingering Venom effect:""},{""line"":61258,""text"":""Toxin Fatigue. The target gains 1 level of Exhaustion that cannot be removed until the Lingering Venom is treated.""},{""line"":61260,""text"":""Successful Save: The Toxin Burden remains, but no Lingering Venom takes hold.""}]}",false
TAL_POISON_HEMOTOXIN,Hemotoxin Venom,Poison,GENERATED_OR_PROJECTION_ROW,Declared source reference identifies a structural/projection packet whose exact talent authority remained backlog work.,"{""declared_source_refs"":[""C09 structural seed packet. Exact dice/source-text verification remains in C09 cleanup backlog unless explicitly certified in a later source-text pass.""],""exact_name_heading_hits"":[],""exact_name_nonheading_hits"":[]}",false
TAL_POISON_MIST,Poison Mist,Poison,GENERATED_OR_PROJECTION_ROW,Declared source reference identifies a structural/projection packet whose exact talent authority remained backlog work.,"{""declared_source_refs"":[""C09 structural seed packet. Exact dice/source-text verification remains in C09 cleanup backlog unless explicitly certified in a later source-text pass.""],""exact_name_heading_hits"":[],""exact_name_nonheading_hits"":[{""line"":61382,""text"":""You become partly toxic vapor, poison mist, spirit spores, or corrosive breath.""}]}",false
TAL_POISON_PARALYTIC,Paralytic Venom,Poison,GENERATED_OR_PROJECTION_ROW,Declared source reference identifies a structural/projection packet whose exact talent authority remained backlog work.,"{""declared_source_refs"":[""C09 structural seed packet. Exact dice/source-text verification remains in C09 cleanup backlog unless explicitly certified in a later source-text pass.""],""exact_name_heading_hits"":[],""exact_name_nonheading_hits"":[]}",false
TAL_PREDATOR_MARK_REFRESH,Predator Mark Consume/Refresh Rule,Predator,GENERATED_OR_PROJECTION_ROW,Declared source reference identifies a structural/projection packet whose exact talent authority remained backlog work.,"{""declared_source_refs"":[""R13A8-C06 user-approved scope and active Chakra doctrine; exact source-text/dice verification remains cleanup backlog.""],""exact_name_heading_hits"":[],""exact_name_nonheading_hits"":[]}",false
TAL_PREDATOR_PREY_MARK,Prey Mark Damage Rider,Predator,GENERATED_OR_PROJECTION_ROW,Declared source reference identifies a structural/projection packet whose exact talent authority remained backlog work.,"{""declared_source_refs"":[""R13A8-C06 user-approved scope and active Chakra doctrine; exact source-text/dice verification remains cleanup backlog.""],""exact_name_heading_hits"":[],""exact_name_nonheading_hits"":[]}",false
TAL_PREDATOR_RED_LINE_POUNCE,Red-Line Pounce,Predator,GENERATED_OR_PROJECTION_ROW,Declared source reference identifies a structural/projection packet whose exact talent authority remained backlog work.,"{""declared_source_refs"":[""R13A8-C06 user-approved scope and active Chakra doctrine; exact source-text/dice verification remains cleanup backlog.""],""exact_name_heading_hits"":[],""exact_name_nonheading_hits"":[]}",false
TAL_PUPPETRY_COMMAND_ACTION_ECONOMY_LEDGER,Puppet Command Action Economy Ledger,Puppetry,GENERATED_OR_PROJECTION_ROW,Declared source reference identifies a structural/projection packet whose exact talent authority remained backlog work.,"{""declared_source_refs"":[""R13A8-C07 user-approved scope; exact source-text/dice verification remains cleanup backlog.""],""exact_name_heading_hits"":[],""exact_name_nonheading_hits"":[]}",false
TAL_PUPPETRY_CONTROL_LINK_BREAK,Control Link Break / Jam,Puppetry,GENERATED_OR_PROJECTION_ROW,Declared source reference identifies a structural/projection packet whose exact talent authority remained backlog work.,"{""declared_source_refs"":[""R13A8-C07 user-approved scope; exact source-text/dice verification remains cleanup backlog.""],""exact_name_heading_hits"":[],""exact_name_nonheading_hits"":[]}",false
TAL_PUPPETRY_INTERPOSE_REACTION_WINDOW,Puppet Interpose Reaction Window,Puppetry,GENERATED_OR_PROJECTION_ROW,Declared source reference identifies a structural/projection packet whose exact talent authority remained backlog work.,"{""declared_source_refs"":[""R13A8-C07 user-approved scope; exact source-text/dice verification remains cleanup backlog.""],""exact_name_heading_hits"":[],""exact_name_nonheading_hits"":[]}",false
TAL_PUPPETRY_MINION_STATE_AND_DURABILITY,Puppet Minion State and Durability,Puppetry,GENERATED_OR_PROJECTION_ROW,Declared source reference identifies a structural/projection packet whose exact talent authority remained backlog work.,"{""declared_source_refs"":[""R13A8-C07 user-approved scope; exact source-text/dice verification remains cleanup backlog.""],""exact_name_heading_hits"":[],""exact_name_nonheading_hits"":[]}",false
TAL_PUPPETRY_NO_FREE_EXTRA_ACTIONS,No Free Extra Puppet Actions,Puppetry,GENERATED_OR_PROJECTION_ROW,Declared source reference identifies a structural/projection packet whose exact talent authority remained backlog work.,"{""declared_source_refs"":[""R13A8-C07 user-approved scope; exact source-text/dice verification remains cleanup backlog.""],""exact_name_heading_hits"":[],""exact_name_nonheading_hits"":[]}",false
TAL_RETRIBUTION_COUNTER_TALENTS,Counter Talents,Retribution,GENERATED_OR_PROJECTION_ROW,"Catalog role explicitly identifies a packet/action projection row, not a separately acquirable Talent.","{""declared_source_refs"":[""Tianxia_Sphere_Compendium_Player_Facing_Compilation_HF05L_HF05G_EDITORIAL_CLEANUP_2026_06_26(1).md :: Sphere of Retribution :: CORE RETRIBUTION RULES > Counter Talents""],""exact_name_heading_hits"":[{""heading"":""### Counter Talents"",""line"":24324},{""heading"":""### Counter Talents"",""line"":32489},{""heading"":""### Counter Talents"",""line"":68415},{""heading"":""### Counter Talents"",""line"":68431},{""heading"":""#### COUNTER TALENTS"",""line"":75300}],""exact_name_nonheading_hits"":[{""line"":24326,""text"":""Counter talents trigger when an enemy misses, overextends, attacks a False Opening, or becomes Off-Rhythm at the wrong moment.""},{""line"":44757,""text"":""Counter Talents. Improve Counter-Mandate or hostile suppression.""},{""line"":69004,""text"":""When preparing Counterstrike, expend Martial Focus to apply two Counter talents rather than one.""}]}",false
TAL_SAND_ABRASIVE_HAZARD_DAMAGE,Abrasive Sand Hazard Damage,Sand,GENERATED_OR_PROJECTION_ROW,No exact current-compendium heading or text occurrence establishes this packet row as a selectable Talent.,"{""declared_source_refs"":[],""exact_name_heading_hits"":[],""exact_name_nonheading_hits"":[]}",false
TAL_SAND_BLINDING_OBSCUREMENT,Blinding Sand Obscurement,Sand,GENERATED_OR_PROJECTION_ROW,No exact current-compendium heading or text occurrence establishes this packet row as a selectable Talent.,"{""declared_source_refs"":[],""exact_name_heading_hits"":[],""exact_name_nonheading_hits"":[]}",false
TAL_SAND_RESOURCE_GATHERING,Sand Resource Gathering,Sand,GENERATED_OR_PROJECTION_ROW,No exact current-compendium heading or text occurrence establishes this packet row as a selectable Talent.,"{""declared_source_refs"":[],""exact_name_heading_hits"":[],""exact_name_nonheading_hits"":[]}",false
TAL_SAND_SINKING_DIFFICULT_TERRAIN_RESTRAIN,Sinking Sand Difficult Terrain Restrain,Sand,GENERATED_OR_PROJECTION_ROW,No exact current-compendium heading or text occurrence establishes this packet row as a selectable Talent.,"{""declared_source_refs"":[],""exact_name_heading_hits"":[],""exact_name_nonheading_hits"":[]}",false
TAL_SCOUNDREL_SUCCESS,SUCCESS,Scoundrel,GENERATED_OR_PROJECTION_ROW,"Catalog role explicitly identifies a packet/action projection row, not a separately acquirable Talent.","{""declared_source_refs"":[""Tianxia_Sphere_Compendium_Player_Facing_Compilation_HF05L_HF05G_EDITORIAL_CLEANUP_2026_06_26(1).md :: Sphere of Scoundrel :: SECRET SCOUNDREL INHERITANCE > SUCCESS""],""exact_name_heading_hits"":[{""heading"":""##### Successful Save"",""line"":3998},{""heading"":""##### Successful Save"",""line"":23858},{""heading"":""##### Successful Initial Save"",""line"":31316},{""heading"":""#### Successful Save"",""line"":63146},{""heading"":""##### Success Against a Mortal, Foundation, or Core Pattern"",""line"":66538},{""heading"":""##### Success Against a Nascent Soul Pattern or Domain"",""line"":66542},{""heading"":""##### Success Against a Secret Inheritance, artifact, Formation project, or campaign-scale working"",""line"":66548},{""heading"":""##### Success"",""line"":71521},{""heading"":""#### SUCCESS"",""line"":72385},{""heading"":""#### Object, Barrier, or Effect Make one Cultivation Check against a GM-set DC. On a success, choose one: - pierce one major breach; - destroy one temporary Barrier; - suppress one ordinary ongoing effect; - disable one Formation Anchor until repaired; - pin one movable object in place until the end of your next turn. The Point That Pinned Heaven to Earth does not automatically destroy: - artifacts; - Formation cores; - Domains; - Secret Inheritances; - Realm-defining structures; - permanent karmic bonds. Those may still be contested or meaningfully damaged according to the GM."",""line"":83206},{""heading"":""##### Three-Success Escape"",""line"":100121}],""exact_name_nonheading_hits"":[{""line"":886,""text"":""Successful Save: Push the target 5 feet.""},{""line"":898,""text"":""Successful Save: Pull the target 5 feet.""},{""line"":920,""text"":""Success: Reduce the attack’s damage by 1d8 + your Proficiency Bonus.""},{""line"":922,""text"":""Success by 5 or more: The attack misses instead.""},{""line"":956,""text"":""Clear disperses nonmagical smoke, harmless gas, dust, pollen, light fog, incense, or similar airborne material in the Current. If the material is magical or generated by a cultivation effect, make an Air Check against the effect’s save DC. On a success, suppress that material in the Current until the start of your next turn.""},{""line"":1054,""text"":""Successful Save: Until the start of your next turn, the target has Disadvantage on the next check requiring speech, breath control, song, chant, roar, or verbal command.""},{""line"":1068,""text"":""Successful Save: Push the target 10 feet.""},{""line"":1092,""text"":""Successful Save: It is not lifted, but the Updraft’s space is Difficult Terrain for it.""},{""line"":1116,""text"":""Successful Save: It takes half damage and does not fall Prone.""},{""line"":1150,""text"":""Successful Save: It takes no additional damage.""}]}",false
TAL_SHADOW_SHADOW_LURK,Shadow Lurk,Shadow,GENERATED_OR_PROJECTION_ROW,"Catalog role explicitly identifies a packet/action projection row, not a separately acquirable Talent.","{""declared_source_refs"":[""Tianxia_Sphere_Compendium_Player_Facing_Compilation_HF05L_HF05G_EDITORIAL_CLEANUP_2026_06_26(1).md :: Sphere of Shadow :: FOUNDATION REALM SHADOW TALENTS > Shadow Lurk""],""exact_name_heading_hits"":[{""heading"":""### Shadow Lurk"",""line"":74382},{""heading"":""#### Shadow Lurk"",""line"":74402}],""exact_name_nonheading_hits"":[{""line"":74430,""text"":""Prerequisite: Shadow Lurk, CL 7+""},{""line"":74432,""text"":""Your Shadow Lurk becomes more substantial.""},{""line"":74764,""text"":""maintain one Shadow Lurk or Shadow Doppelganger without Concentration;""},{""line"":74996,""text"":""Prerequisite: Shadow Lurk, CL 8+""},{""line"":74998,""text"":""Your Shadow Lurk and Shadow Doppelganger gain:""}]}",false
TAL_SHIELD_ACTIVE_DEFENSE,ACTIVE DEFENSE,Shield,GENERATED_OR_PROJECTION_ROW,"Catalog role explicitly identifies a packet/action projection row, not a separately acquirable Talent.","{""declared_source_refs"":[""Tianxia_Sphere_Compendium_Player_Facing_Compilation_HF05L_HF05G_EDITORIAL_CLEANUP_2026_06_26(1).md :: Sphere of Shield :: CORE SHIELD RULES > ACTIVE DEFENSE""],""exact_name_heading_hits"":[{""heading"":""#### ACTIVE DEFENSE"",""line"":75176},{""heading"":""#### ACTIVE DEFENSE"",""line"":75286},{""heading"":""#### REACTIVE DEFENSE - COUNTER"",""line"":75456}],""exact_name_nonheading_hits"":[{""line"":5164,""text"":""Shield remains the specialist sphere for active defense, carried cover, catching, and redirection through a shield face. Axes can break or hook shields, but does not become a defense sphere.""},{""line"":27303,""text"":""This does not grant Shield sphere talents, shield active defense, shield attacks, or shield deflection techniques.""},{""line"":27707,""text"":""**Shield.** Shield owns active defense. Equipment can grant shield proficiency, but it does not grant Shield sphere techniques.""},{""line"":63286,""text"":""The Sphere of Protection teaches active defense. Its practitioners place Aegises on creatures, sacrifice prepared defenses through Succor, and create Wards that shelter an area.""},{""line"":63288,""text"":""Protection creates active defenses. Permanent fortifications and prepared infrastructure belong to Formation projects.""},{""line"":75022,""text"":""Common Effects: Active Defense, shield angles, Deflect talents, carried cover, redirection, shield bashes, shield skating, projected Shield Faces, moving ramparts, Shield Intent, Shield Soul, calamity turning""},{""line"":75112,""text"":""Active Defense applies to attack rolls unless a talent explicitly expands it to another kind of effect.""},{""line"":75196,""text"":""You may use Active Defense after the attack roll is made but before damage or another hit effect resolves.""},{""line"":75198,""text"":""You may expend Martial Focus to use Active Defense without spending a Reaction.""},{""line"":75202,""text"":""Active Defense applies only against the triggering attack;""}]}",false
TAL_SHIELD_SHIELD_TRAINING,SHIELD TRAINING,Shield,GENERATED_OR_PROJECTION_ROW,"Catalog role explicitly identifies a packet/action projection row, not a separately acquirable Talent.","{""declared_source_refs"":[""Tianxia_Sphere_Compendium_Player_Facing_Compilation_HF05L_HF05G_EDITORIAL_CLEANUP_2026_06_26(1).md :: Sphere of Shield :: RULES BASELINE > SHIELD TRAINING""],""exact_name_heading_hits"":[{""heading"":""### Shield Training"",""line"":27297},{""heading"":""#### SHIELD TRAINING"",""line"":75042},{""heading"":""#### SHIELD TRAINING"",""line"":75276}],""exact_name_nonheading_hits"":[{""line"":25303,""text"":""Balanced Defense does not grant Shield training or satisfy a prerequisite that requires a Shield.""},{""line"":75044,""text"":""A standard Shield grants a +2 bonus to Armor Class only when the wielder has Shield training.""},{""line"":75154,""text"":""you must have Shield training to gain the Shield’s AC bonus;""},{""line"":75164,""text"":""a Shield talent does not automatically grant Shield training to an ally.""},{""line"":75280,""text"":""gain Shield training;""},{""line"":75282,""text"":""if you already possess Shield training, choose one Mortal Realm Shield talent for which you meet the prerequisites as a bonus talent;""},{""line"":75438,""text"":""A weapon used through Guarded Stance is not a Shield for unrelated rules and does not grant ordinary Shield training.""}]}",false
TAL_SNIPER_DEADLY_AIM,Deadly Aim,Sniper,GENERATED_OR_PROJECTION_ROW,"Catalog role explicitly identifies a packet/action projection row, not a separately acquirable Talent.","{""declared_source_refs"":[""Tianxia_Sphere_Compendium_Player_Facing_Compilation_HF05L_HF05G_EDITORIAL_CLEANUP_2026_06_26(1).md :: Sphere of Sniper :: Core Sniper Rules > Deadly Aim""],""exact_name_heading_hits"":[{""heading"":""#### Deadly Aim"",""line"":77520},{""heading"":""#### Deadly Aim"",""line"":77606}],""exact_name_nonheading_hits"":[{""line"":77390,""text"":""Mortal Realm: Deadly Aim, Snipe Shot, long-range discipline, ricochets, pinning, disarming, piercing, pushing, intercepting ranged attacks, disabling traps at range, and careful repositioning.""},{""line"":77436,""text"":""Deadly Aim improves a ranged attack that already has Advantage. If Advantage and Disadvantage cancel, the attack does not have Advantage and Deadly Aim does not apply.""},{""line"":77438,""text"":""Deadly Aim does not stack with other benefits that allow an additional die selection or repeated reroll from Advantage.""},{""line"":77600,""text"":""You gain Deadly Aim.""},{""line"":78240,""text"":""Deadly Aim applies;""},{""line"":78400,""text"":""Once per short or long rest, when the trigger occurs and your Readied Snipe Shot hits, you may apply Deadly Aim even if the attack did not have Advantage.""},{""line"":78432,""text"":""When using Trap Technician, you may target a trap component behind Half Cover without penalty, and you may use Deadly Aim on the attack if you have Advantage from careful study or scouting.""}]}",false
TAL_SNIPER_SNIPE_SHOT,Snipe Shot,Sniper,GENERATED_OR_PROJECTION_ROW,"Catalog role explicitly identifies a packet/action projection row, not a separately acquirable Talent.","{""declared_source_refs"":[""Tianxia_Sphere_Compendium_Player_Facing_Compilation_HF05L_HF05G_EDITORIAL_CLEANUP_2026_06_26(1).md :: Sphere of Sniper :: Core Sniper Rules > Snipe Shot""],""exact_name_heading_hits"":[{""heading"":""#### Snipe Shot"",""line"":77486},{""heading"":""#### Snipe Shot"",""line"":77610}],""exact_name_nonheading_hits"":[{""line"":77390,""text"":""Mortal Realm: Deadly Aim, Snipe Shot, long-range discipline, ricochets, pinning, disarming, piercing, pushing, intercepting ranged attacks, disabling traps at range, and careful repositioning.""},{""line"":77408,""text"":""Unless a talent says otherwise, Snipe Shot applies only to a ranged weapon attack made with a ranged or thrown weapon.""},{""line"":77500,""text"":""When you take the Attack action, you may replace one attack with a Snipe Shot.""},{""line"":77506,""text"":""a Snipe Shot is still one attack;""},{""line"":77508,""text"":""a Snipe Shot can benefit from Advantage or suffer Disadvantage normally;""},{""line"":77510,""text"":""only one Snipe talent applies to a Snipe Shot;""},{""line"":77512,""text"":""a missed Snipe Shot usually has no Snipe effect;""},{""line"":77514,""text"":""a Snipe Shot consumes ammunition or the thrown weapon normally;""},{""line"":77516,""text"":""a Snipe Shot cannot be used with an area effect unless a talent says so;""},{""line"":77544,""text"":""A Snipe talent changes one Snipe Shot.""}]}",false
TAL_SPACE_SPATIAL_MERIDIAN_BODY,Spatial Meridian Body,Space,GENERATED_OR_PROJECTION_ROW,"Catalog role explicitly identifies a packet/action projection row, not a separately acquirable Talent.","{""declared_source_refs"":[""Tianxia_Sphere_Compendium_Player_Facing_Compilation_HF05L_HF05G_EDITORIAL_CLEANUP_2026_06_26(1).md :: Sphere of Space :: Spatial Meridian Body""],""exact_name_heading_hits"":[{""heading"":""#### Spatial Meridian Body"",""line"":82498},{""heading"":""#### Body Refining - Spatial Meridian Body"",""line"":82614},{""heading"":""#### Spatial Meridian Body"",""line"":82632}],""exact_name_nonheading_hits"":[{""line"":81266,""text"":""Rare Body Practice: Body Refining through the Spatial Meridian Body Insight.""},{""line"":81278,""text"":""Body Refining: Constitution, only through Spatial Meridian Body or a similar initiation.""},{""line"":81438,""text"":""If you are a Body Refiner, you must have Spatial Meridian Body or a similar initiation before learning Space talents that cost Stamina.""},{""line"":82618,""text"":""Requires: Spatial Meridian Body.""},{""line"":82642,""text"":""You gain the Body Refining - Spatial Meridian Body synergy.""}]}",false
TAL_SPEAR_KEEP_AWAY,Keep-Away Thrust,Spear,GENERATED_OR_PROJECTION_ROW,No exact current-compendium heading or text occurrence establishes this packet row as a selectable Talent.,"{""declared_source_refs"":[],""exact_name_heading_hits"":[],""exact_name_nonheading_hits"":[]}",false
TAL_SPEAR_SET_CHARGE,Set Against Charge,Spear,GENERATED_OR_PROJECTION_ROW,No exact current-compendium heading or text occurrence establishes this packet row as a selectable Talent.,"{""declared_source_refs"":[],""exact_name_heading_hits"":[],""exact_name_nonheading_hits"":[]}",false
TAL_SPEAR_SWEEP_TRIP,Spear Sweep Trip,Spear,GENERATED_OR_PROJECTION_ROW,No exact current-compendium heading or text occurrence establishes this packet row as a selectable Talent.,"{""declared_source_refs"":[],""exact_name_heading_hits"":[],""exact_name_nonheading_hits"":[]}",false
TAL_SWORD_DISARMING_CUT,Disarming Cut,Sword,GENERATED_OR_PROJECTION_ROW,No exact current-compendium heading or text occurrence establishes this packet row as a selectable Talent.,"{""declared_source_refs"":[],""exact_name_heading_hits"":[],""exact_name_nonheading_hits"":[]}",false
TAL_SWORD_PARRY,Parry,Sword,AMBIGUOUS_REQUIRES_AUTHORITY_DECISION,"Exact source heading exists, but candidate-to-source identity and the accepted 1,748-talent count cannot be changed without a bounded authority ruling.","{""declared_source_refs"":[],""exact_name_heading_hits"":[{""heading"":""##### Parry and Riposte - Guard"",""line"":60128},{""heading"":""##### Parry Anything - Guard"",""line"":60180},{""heading"":""### Guard-Cutting Parry - Parry"",""line"":69359},{""heading"":""### Wrap the Head, Return the Edge - Parry"",""line"":69409},{""heading"":""### Counter-Slope Dao - Parry"",""line"":69559}],""exact_name_nonheading_hits"":[{""line"":52745,""text"":""Trigger: A creature you can see within 60 feet uses a reaction, counter, parry, interception, opportunity attack, or comparable immediate defensive technique""},{""line"":60182,""text"":""Prerequisite: Piercing Needle sphere, Parry and Riposte, CL 5+""},{""line"":60184,""text"":""You may use Parry and Riposte when a ranged weapon attack or ranged spell attack hits you.""},{""line"":60188,""text"":""Parry Anything does not reduce damage from an effect that does not hit you with an attack roll.""},{""line"":60226,""text"":""Prerequisite: Piercing Needle sphere, Parry and Riposte, CL 5+""},{""line"":60228,""text"":""When Parry and Riposte reduces the triggering attack’s damage to 0, regain Martial Focus after resolving the retaliatory attack.""},{""line"":60404,""text"":""when you win a Disarm attempt or reduce an attack’s damage to 0 with Parry and Riposte, regain Martial Focus.""},{""line"":60432,""text"":""Prerequisite: Piercing Needle sphere, Parry and Riposte, CL 15+""},{""line"":69285,""text"":""- you may spend Stamina instead of CP for Sabers talents that are melee, self, held-weapon, movement, or parry effects, if your table allows Body Refiner sphere expenditure through Stamina;""},{""line"":69325,""text"":""Parry talents answer attacks with countercuts.""}]}",false
TAL_SWORD_RIPOSTE,Riposte,Sword,AMBIGUOUS_REQUIRES_AUTHORITY_DECISION,"Exact source heading exists, but candidate-to-source identity and the accepted 1,748-talent count cannot be changed without a bounded authority ruling.","{""declared_source_refs"":[],""exact_name_heading_hits"":[{""heading"":""##### Parry and Riposte - Guard"",""line"":60128}],""exact_name_nonheading_hits"":[{""line"":59832,""text"":""Core Chassis: Feints, precision attacks, tactical openings, footwork, disarming, binds, parries, ripostes, meridian-point strikes""},{""line"":59842,""text"":""Common Effects: Feints, precision attacks, tactical openings, footwork, disarming, weapon binds, parries, ripostes, draw cuts, and meridian-point strikes""},{""line"":59953,""text"":""- Piercing Needle talents create openings through measure, feints, exact strikes, binds, parries, ripostes, and meridian-point pressure.""},{""line"":59972,""text"":""A Guard talent improves parries, ripostes, disarming, or weapon binds.""},{""line"":60182,""text"":""Prerequisite: Piercing Needle sphere, Parry and Riposte, CL 5+""},{""line"":60184,""text"":""You may use Parry and Riposte when a ranged weapon attack or ranged spell attack hits you.""},{""line"":60186,""text"":""You may make the retaliatory attack only if the attacker is within the legal reach or range of the attack form you use for the riposte.""},{""line"":60226,""text"":""Prerequisite: Piercing Needle sphere, Parry and Riposte, CL 5+""},{""line"":60228,""text"":""When Parry and Riposte reduces the triggering attack’s damage to 0, regain Martial Focus after resolving the retaliatory attack.""},{""line"":60404,""text"":""when you win a Disarm attempt or reduce an attack’s damage to 0 with Parry and Riposte, regain Martial Focus.""}]}",false
TAL_TALISMAN_ACTIVATION_WINDOW_CHARGE_LEDGER,Talisman Activation Window / Charge Ledger,Talismans,GENERATED_OR_PROJECTION_ROW,Declared source reference identifies a structural/projection packet whose exact talent authority remained backlog work.,"{""declared_source_refs"":[""R13A8-C07 user-approved scope; exact source-text/dice verification remains cleanup backlog.""],""exact_name_heading_hits"":[],""exact_name_nonheading_hits"":[]}",false
TAL_TALISMAN_CARRIER_AND_RANGE_BOUNDARY,Talisman Carrier and Range Boundary,Talismans,GENERATED_OR_PROJECTION_ROW,Declared source reference identifies a structural/projection packet whose exact talent authority remained backlog work.,"{""declared_source_refs"":[""R13A8-C07 user-approved scope; exact source-text/dice verification remains cleanup backlog.""],""exact_name_heading_hits"":[],""exact_name_nonheading_hits"":[]}",false
TAL_TALISMAN_COUNTERSEAL_REACTION_LOCK,Counterseal Reaction Lock,Talismans,GENERATED_OR_PROJECTION_ROW,Declared source reference identifies a structural/projection packet whose exact talent authority remained backlog work.,"{""declared_source_refs"":[""R13A8-C07 user-approved scope; exact source-text/dice verification remains cleanup backlog.""],""exact_name_heading_hits"":[],""exact_name_nonheading_hits"":[]}",false
TAL_TALISMAN_DELAYED_TRIGGER_QUEUE,Delayed Trigger Queue,Talismans,GENERATED_OR_PROJECTION_ROW,Declared source reference identifies a structural/projection packet whose exact talent authority remained backlog work.,"{""declared_source_refs"":[""R13A8-C07 user-approved scope; exact source-text/dice verification remains cleanup backlog.""],""exact_name_heading_hits"":[],""exact_name_nonheading_hits"":[]}",false
TAL_TALISMAN_OBJECT_DURABILITY_BREAKAGE,Talisman Object Durability / Breakage,Talismans,GENERATED_OR_PROJECTION_ROW,Declared source reference identifies a structural/projection packet whose exact talent authority remained backlog work.,"{""declared_source_refs"":[""R13A8-C07 user-approved scope; exact source-text/dice verification remains cleanup backlog.""],""exact_name_heading_hits"":[],""exact_name_nonheading_hits"":[]}",false
TAL_TALISMAN_PREPARED_SEAL_OBJECT_STATE,Prepared Seal Object State,Talismans,GENERATED_OR_PROJECTION_ROW,Declared source reference identifies a structural/projection packet whose exact talent authority remained backlog work.,"{""declared_source_refs"":[""R13A8-C07 user-approved scope; exact source-text/dice verification remains cleanup backlog.""],""exact_name_heading_hits"":[],""exact_name_nonheading_hits"":[]}",false
TAL_UNIVERSAL_MANEUVER_DOES_NOT_GRANT,Maneuver Packet Does Not Grant,Universal Martial,GENERATED_OR_PROJECTION_ROW,No exact current-compendium heading or text occurrence establishes this packet row as a selectable Talent.,"{""declared_source_refs"":[],""exact_name_heading_hits"":[],""exact_name_nonheading_hits"":[]}",false
TAL_UNIVERSAL_REACTION_RIDER_LOCK,Reaction Rider Lock,Universal Martial,GENERATED_OR_PROJECTION_ROW,No exact current-compendium heading or text occurrence establishes this packet row as a selectable Talent.,"{""declared_source_refs"":[],""exact_name_heading_hits"":[],""exact_name_nonheading_hits"":[]}",false
TAL_VITALITY_DIFFERENT_TALENT_STACK,Different-Talent Vitality Temp HP Stack,Vitality,GENERATED_OR_PROJECTION_ROW,Declared source reference identifies a structural/projection packet whose exact talent authority remained backlog work.,"{""declared_source_refs"":[""R13A8-C06 user-approved scope and active Chakra doctrine; exact source-text/dice verification remains cleanup backlog.""],""exact_name_heading_hits"":[],""exact_name_nonheading_hits"":[]}",false
TAL_VITALITY_OPEN_WHEEL_LEDGER,Open-Wheel Vitality Temp HP Ledger,Vitality,GENERATED_OR_PROJECTION_ROW,Declared source reference identifies a structural/projection packet whose exact talent authority remained backlog work.,"{""declared_source_refs"":[""R13A8-C06 user-approved scope and active Chakra doctrine; exact source-text/dice verification remains cleanup backlog.""],""exact_name_heading_hits"":[],""exact_name_nonheading_hits"":[]}",false
TAL_VITALITY_SAME_SOURCE_REPLACE,Same-Source Vitality Temp HP Replace,Vitality,GENERATED_OR_PROJECTION_ROW,Declared source reference identifies a structural/projection packet whose exact talent authority remained backlog work.,"{""declared_source_refs"":[""R13A8-C06 user-approved scope and active Chakra doctrine; exact source-text/dice verification remains cleanup backlog.""],""exact_name_heading_hits"":[],""exact_name_nonheading_hits"":[]}",false
TAL_WARLEADER_ALLY_COMMAND_LIMIT,Ally Command Limit,Warleader,GENERATED_OR_PROJECTION_ROW,Declared source reference identifies a structural/projection packet whose exact talent authority remained backlog work.,"{""declared_source_refs"":[""R13A8-C07 user-approved scope; exact source-text/dice verification remains cleanup backlog.""],""exact_name_heading_hits"":[],""exact_name_nonheading_hits"":[]}",false
TAL_WARLEADER_COMMAND_TARGET_CAP,Command Target Cap,Warleader,GENERATED_OR_PROJECTION_ROW,Declared source reference identifies a structural/projection packet whose exact talent authority remained backlog work.,"{""declared_source_refs"":[""R13A8-C07 user-approved scope; exact source-text/dice verification remains cleanup backlog.""],""exact_name_heading_hits"":[],""exact_name_nonheading_hits"":[]}",false
TAL_WARLEADER_NO_SELF_LOOP_COMMAND,No Self-Loop Command,Warleader,GENERATED_OR_PROJECTION_ROW,Declared source reference identifies a structural/projection packet whose exact talent authority remained backlog work.,"{""declared_source_refs"":[""R13A8-C07 user-approved scope; exact source-text/dice verification remains cleanup backlog.""],""exact_name_heading_hits"":[],""exact_name_nonheading_hits"":[]}",false
TAL_WARLEADER_RALLY_SUPPORT_LEDGER,Rally Support Ledger,Warleader,GENERATED_OR_PROJECTION_ROW,Declared source reference identifies a structural/projection packet whose exact talent authority remained backlog work.,"{""declared_source_refs"":[""R13A8-C07 user-approved scope; exact source-text/dice verification remains cleanup backlog.""],""exact_name_heading_hits"":[],""exact_name_nonheading_hits"":[]}",false
TAL_WARLEADER_REACTION_COORDINATION_LOCK,Reaction Coordination Lock,Warleader,GENERATED_OR_PROJECTION_ROW,Declared source reference identifies a structural/projection packet whose exact talent authority remained backlog work.,"{""declared_source_refs"":[""R13A8-C07 user-approved scope; exact source-text/dice verification remains cleanup backlog.""],""exact_name_heading_hits"":[],""exact_name_nonheading_hits"":[]}",false
TAL_WATER_CURRENT_FORCED_MOVEMENT_LEDGER,Current Forced Movement Ledger,Water,GENERATED_OR_PROJECTION_ROW,No exact current-compendium heading or text occurrence establishes this packet row as a selectable Talent.,"{""declared_source_refs"":[],""exact_name_heading_hits"":[],""exact_name_nonheading_hits"":[]}",false
TAL_WATER_ENVIRONMENTAL_RESOURCE_GATHERING,Water Environmental Resource Gathering,Water,GENERATED_OR_PROJECTION_ROW,No exact current-compendium heading or text occurrence establishes this packet row as a selectable Talent.,"{""declared_source_refs"":[],""exact_name_heading_hits"":[],""exact_name_nonheading_hits"":[]}",false
TAL_WATER_FLOOD_DIFFICULT_TERRAIN,Flood Difficult Terrain,Water,GENERATED_OR_PROJECTION_ROW,No exact current-compendium heading or text occurrence establishes this packet row as a selectable Talent.,"{""declared_source_refs"":[],""exact_name_heading_hits"":[],""exact_name_nonheading_hits"":[]}",false
TAL_WATER_MIST_OBSCUREMENT_COVER,Mist Obscurement Cover,Water,GENERATED_OR_PROJECTION_ROW,No exact current-compendium heading or text occurrence establishes this packet row as a selectable Talent.,"{""declared_source_refs"":[],""exact_name_heading_hits"":[],""exact_name_nonheading_hits"":[]}",false
TAL_WAX_KINDLE_WAX,Kindle Wax,Wax,GENERATED_OR_PROJECTION_ROW,"Catalog role explicitly identifies a packet/action projection row, not a separately acquirable Talent.","{""declared_source_refs"":[""Tianxia_Sphere_Compendium_Player_Facing_Compilation_HF05L_HF05G_EDITORIAL_CLEANUP_2026_06_26(1).md :: Sphere of Wax :: Core Wax Rules > Kindle Wax""],""exact_name_heading_hits"":[{""heading"":""#### Kindle Wax"",""line"":97572},{""heading"":""#### Kindle Wax"",""line"":97630}],""exact_name_nonheading_hits"":[{""line"":97592,""text"":""When you first gain the Sphere of Wax, you gain Mold Wax, Press Seal, and Kindle Wax.""},{""line"":97650,""text"":""Wick talents improve Kindle Wax or add new releases.""}]}",false
TAL_WEAPONS_BODY_ARMAMENT_METHOD,Body Armament Method,Weapons,GENERATED_OR_PROJECTION_ROW,"Catalog role explicitly identifies a packet/action projection row, not a separately acquirable Talent.","{""declared_source_refs"":[""Tianxia_Sphere_Compendium_Player_Facing_Compilation_HF05L_HF05G_EDITORIAL_CLEANUP_2026_06_26(1).md :: Sphere of Weapons :: Weapons / Equipment Additions > Weapon Methods > Body Armament Method""],""exact_name_heading_hits"":[{""heading"":""#### Body Armament Method"",""line"":98658},{""heading"":""#### Body Armament Method - Body Armament"",""line"":98722}],""exact_name_nonheading_hits"":[{""line"":98688,""text"":""When a Body Refiner chooses Body Armament Method, one proficient weapon may count as body-bound for features that care about held, worn, or body-bound martial expression.""},{""line"":98994,""text"":""Benefit: You can use Body Armament Method with improvised weapons that clearly resemble a legal weapon profile.""}]}",false
TAL_WEAPONS_QI_CONDUIT_METHOD,Qi Conduit Method,Weapons,GENERATED_OR_PROJECTION_ROW,"Catalog role explicitly identifies a packet/action projection row, not a separately acquirable Talent.","{""declared_source_refs"":[""Tianxia_Sphere_Compendium_Player_Facing_Compilation_HF05L_HF05G_EDITORIAL_CLEANUP_2026_06_26(1).md :: Sphere of Weapons :: Weapons / Equipment Additions > Foundation Realm Talents > Qi Conduit Method - Conduit""],""exact_name_heading_hits"":[{""heading"":""#### Qi Conduit Method"",""line"":98664},{""heading"":""#### Qi Conduit Method - Conduit"",""line"":98728}],""exact_name_nonheading_hits"":[{""line"":98748,""text"":""Prerequisite: Weapons sphere and Qi Conduit Method""}]}",false
TAL_WEAPONS_SPIRIT_HEIRLOOM_METHOD,Spirit Heirloom Method,Weapons,GENERATED_OR_PROJECTION_ROW,"Catalog role explicitly identifies a packet/action projection row, not a separately acquirable Talent.","{""declared_source_refs"":[""Tianxia_Sphere_Compendium_Player_Facing_Compilation_HF05L_HF05G_EDITORIAL_CLEANUP_2026_06_26(1).md :: Sphere of Weapons :: Weapons / Equipment Additions > Foundation Realm Talents > Spirit Heirloom Method - Spirit Heirloom""],""exact_name_heading_hits"":[{""heading"":""#### Spirit Heirloom Method"",""line"":98670},{""heading"":""#### Spirit Heirloom Method - Spirit Heirloom"",""line"":98734}],""exact_name_nonheading_hits"":[{""line"":98704,""text"":""When a Spirit Awakener chooses Spirit Heirloom Method, one proficient weapon may be treated as a resonance focus for Spirit-compatible weapon talents. It does not become an independent companion unless another feature says so.""},{""line"":98976,""text"":""Prerequisite: Spirit Awakening Path, Spirit Heirloom Method""},{""line"":99020,""text"":""When a Spirit Awakener uses Spirit Heirloom Method, they may name the weapon during a significant strike.""},{""line"":99046,""text"":""Prerequisite: Spirit Heirloom Method""}]}",false
TAL_WEATHER_AURA_CONCENTRATION_LEDGER,Weather Aura Concentration Ledger,Weather,GENERATED_OR_PROJECTION_ROW,No exact current-compendium heading or text occurrence establishes this packet row as a selectable Talent.,"{""declared_source_refs"":[],""exact_name_heading_hits"":[],""exact_name_nonheading_hits"":[]}",false
TAL_WEATHER_LIGHTNING_HAZARD_DAMAGE,Lightning Hazard Damage,Weather,GENERATED_OR_PROJECTION_ROW,No exact current-compendium heading or text occurrence establishes this packet row as a selectable Talent.,"{""declared_source_refs"":[],""exact_name_heading_hits"":[],""exact_name_nonheading_hits"":[]}",false
TAL_WEATHER_RAIN_FIELD_WATER_SYNERGY,Rain Field Water Synergy,Weather,GENERATED_OR_PROJECTION_ROW,No exact current-compendium heading or text occurrence establishes this packet row as a selectable Talent.,"{""declared_source_refs"":[],""exact_name_heading_hits"":[],""exact_name_nonheading_hits"":[]}",false
TAL_WEATHER_WIND_FIELD_FORCED_MOVEMENT,Wind Field Forced Movement,Weather,GENERATED_OR_PROJECTION_ROW,No exact current-compendium heading or text occurrence establishes this packet row as a selectable Talent.,"{""declared_source_refs"":[],""exact_name_heading_hits"":[],""exact_name_nonheading_hits"":[]}",false
TAL_WRESTLING_PIN,Grapple Pin,Wrestling,GENERATED_OR_PROJECTION_ROW,No exact current-compendium heading or text occurrence establishes this packet row as a selectable Talent.,"{""declared_source_refs"":[],""exact_name_heading_hits"":[],""exact_name_nonheading_hits"":[]}",false
TAL_WRESTLING_REVERSAL,Reversal Counter,Wrestling,GENERATED_OR_PROJECTION_ROW,No exact current-compendium heading or text occurrence establishes this packet row as a selectable Talent.,"{""declared_source_refs"":[],""exact_name_heading_hits"":[],""exact_name_nonheading_hits"":[]}",false
TAL_WRESTLING_THROW,Throw,Wrestling,AMBIGUOUS_REQUIRES_AUTHORITY_DECISION,"Exact source heading exists, but candidate-to-source identity and the accepted 1,748-talent count cannot be changed without a bounded authority ruling.","{""declared_source_refs"":[],""exact_name_heading_hits"":[{""heading"":""#### Body Refining - Iron-Rain Body Use Strength or Dexterity for Barrage saving throw DCs, choosing when learning the sphere."",""line"":7101},{""heading"":""##### Hostile Creatures When one hostile creature starts its turn inside and is adjacent to one Beast Ally, it makes a Wisdom saving throw."",""line"":8031},{""heading"":""##### Crimson Aura When a Bloodied enemy starts its turn within 20 feet, it makes a Constitution saving throw."",""line"":12900},{""heading"":""#### Throw - Manhandle, Focus"",""line"":13563},{""heading"":""#### Mountain-Swing Throw - Manhandle, Collision"",""line"":13899},{""heading"":""#### Heaven-Crashing Throw"",""line"":14053},{""heading"":""#### Blast Shape Saving Throws"",""line"":20363},{""heading"":""##### Enemies A hostile creature entering for the first time on a turn or starting its turn inside makes a Wisdom saving throw."",""line"":23437},{""heading"":""##### Enemies When an enemy starts its turn inside, it makes a Wisdom saving throw."",""line"":23475},{""heading"":""### Circular Throw - Response, Redirection"",""line"":31796},{""heading"":""#### Weight-Borrowing Throw"",""line"":36290},{""heading"":""#### Saving Throws"",""line"":44513},{""heading"":""### Thrown Slipper Rebuke - Punchline"",""line"":48536},{""heading"":""#### Hold the Line - gain +1 AC against creatures inside your Spear Line; - gain Advantage on checks and saving throws against forced movement; - when a creature bearing your Spear Intent enters your Spear Line, it treats that movement as difficult terrain."",""line"":82906},{""heading"":""#### You and Allies - gain +1 AC against creatures bearing your Spear Intent; - move 5 feet without provoking opportunity attacks after hitting with a Spear attack, once per turn; - gain Advantage on checks and saving throws against forced movement."",""line"":83008},{""heading"":""#### Enemies When an enemy enters for the first time on a turn or starts its turn inside, it makes a Wisdom saving throw."",""line"":83010},{""heading"":""#### Allies - gain Half Cover; - gain Advantage on checks and saving throws against forced movement; - move 5 feet without provoking opportunity attacks after hitting, once per turn."",""line"":83152},{""heading"":""#### Enemies When one enters for the first time on a turn or starts its turn inside, it makes a Dexterity saving throw."",""line"":83154},{""heading"":""#### Saving Throws"",""line"":85553},{""heading"":""#### Saving Throws and Attack Rolls"",""line"":88440},{""heading"":""### Weapon Thrower's Sleeve"",""line"":99116},{""heading"":""### Projectile and Throwing Weapons"",""line"":99622},{""heading"":""#### Throw Talents"",""line"":101250},{""heading"":""#### Hard Whip - Slam, Throw"",""line"":101286},{""heading"":""#### Living Weapon - Slam, Throw"",""line"":101308},{""heading"":""#### Earth-Shattering Slam - Throw"",""line"":101553},{""heading"":""#### Mountain-Crashing Suplex - Throw"",""line"":101577},{""heading"":""#### Tombstone Burial - Throw, Capture"",""line"":101734},{""heading"":""#### Heaven-Lifting Throw - Throw"",""line"":101857}],""exact_name_nonheading_hits"":[{""line"":70,""text"":""- Axes - axe weapons, heavy hewing, hook control, guard breaking, thrown axe openings, and execution pressure.""},{""line"":82,""text"":""- Wrestling - grappling, holds, throws, pins, bodily domination.""},{""line"":88,""text"":""- Barrage - thrown weapons, rapid strikes, projectile body training.""},{""line"":361,""text"":""| Cultivation Save DC | default sphere/talent saving throw DC; 8 + Proficiency Bonus + relevant key ability modifier unless a printed formula overrides | `save_dc` |""},{""line"":560,""text"":""- **Sphere of Axes** — martial hewing, Bite, Hook, guard-breaking, thrown axe disruption, poleaxe leverage, and execution authority.""},{""line"":620,""text"":""Ranged Attacks: Ranged weapon and spell attacks follow ordinary attack roll rules unless a talent changes them. Air talents that interfere with arrows, thrown weapons, or projectile lines define their own trigger and effect.""},{""line"":638,""text"":""Objects and Projectiles: Arrows, thrown weapons, darts, needles, bolts, bullets, and similar projectiles can be affected by Air talents. Siege ammunition, falling boulders, massive weapons, or supernatural attacks require explicit permission.""},{""line"":710,""text"":""Storming Current: enough to threaten multiple creatures, impose saving throws, create storm terrain, or contest flight.""},{""line"":724,""text"":""When an Air talent calls for a saving throw, use your Cultivation Save DC.""},{""line"":740,""text"":""When an Air talent affects a projectile, it can affect ordinary ranged weapon attacks and thrown weapon attacks unless stated otherwise.""}]}",false
TAL_YIN_USING_WANING_MARKS,USING WANING MARKS,Yin,GENERATED_OR_PROJECTION_ROW,"Catalog role explicitly identifies a packet/action projection row, not a separately acquirable Talent.","{""declared_source_refs"":[""Tianxia_Sphere_Compendium_Player_Facing_Compilation_HF05L_HF05G_EDITORIAL_CLEANUP_2026_06_26(1).md :: Sphere of Yin :: USING WANING MARKS""],""exact_name_heading_hits"":[],""exact_name_nonheading_hits"":[]}",false
